#ISO;YYYY;MM;DD;JD;DOY:365.dk:;WN:365.dk:;DOW1;DOW0;DayName;poy:365.dk:;Excel:DOY;Excel:DOW;Excel:Uge.nr;WeekNo formel;;Dato;;;
"#""=DATO(1970;01;01)""";#1970;#01;#01;"#=DATO(B3;C3;D3)+2415018";;;;;Ugedag:365.dk:;;"#=DATO(B3;C3;D3)-DATO(B3;1;1)+1";"#=UGEdag(DATO(B3;C3;D3))";"#=UGE.NR(DATO(B3;C3;D3))";"#=AFKORT((DATO(B3;C3;D3)-DATO(ÅR(DATO(B3;C3;D3)+3-REST(DATO(B3;C3;D3)-2;7));1;REST(DATO(B3;C3;D3)-2;7)-9))/7)";;Copyright © 2015 www.kalender-365.dk;;;
1970-01-01;1970;1;1;2440587;1;1;4;3;torsdag;0,27%;1;3;1;1;;1970-01-01;;;
1970-01-02;1970;1;2;2440588;2;1;5;4;fredag;0,55%;2;4;1;1;;1970-01-02;;;
1970-01-03;1970;1;3;2440589;3;1;6;5;lørdag;0,82%;3;5;1;1;;1970-01-03;;;
1970-01-04;1970;1;4;2440590;4;1;7;6;søndag;1,10%;4;6;2;1;;1970-01-04;;;
1970-01-05;1970;1;5;2440591;5;2;1;0;mandag;1,37%;5;0;2;2;;1970-01-05;;;
1970-01-06;1970;1;6;2440592;6;2;2;1;tirsdag;1,64%;6;1;2;2;;1970-01-06;;;
1970-01-07;1970;1;7;2440593;7;2;3;2;onsdag;1,92%;7;2;2;2;;1970-01-07;;;
1970-01-08;1970;1;8;2440594;8;2;4;3;torsdag;2,19%;8;3;2;2;;1970-01-08;;;
1970-01-09;1970;1;9;2440595;9;2;5;4;fredag;2,47%;9;4;2;2;;1970-01-09;;;
1970-01-10;1970;1;10;2440596;10;2;6;5;lørdag;2,74%;10;5;2;2;;1970-01-10;;;
1970-01-11;1970;1;11;2440597;11;2;7;6;søndag;3,01%;11;6;3;2;;1970-01-11;;;
1970-01-12;1970;1;12;2440598;12;3;1;0;mandag;3,29%;12;0;3;3;;1970-01-12;;;
1970-01-13;1970;1;13;2440599;13;3;2;1;tirsdag;3,56%;13;1;3;3;;1970-01-13;;;
1970-01-14;1970;1;14;2440600;14;3;3;2;onsdag;3,84%;14;2;3;3;;1970-01-14;;;
1970-01-15;1970;1;15;2440601;15;3;4;3;torsdag;4,11%;15;3;3;3;;1970-01-15;;;
1970-01-16;1970;1;16;2440602;16;3;5;4;fredag;4,38%;16;4;3;3;;1970-01-16;;;
1970-01-17;1970;1;17;2440603;17;3;6;5;lørdag;4,66%;17;5;3;3;;1970-01-17;;;
1970-01-18;1970;1;18;2440604;18;3;7;6;søndag;4,93%;18;6;4;3;;1970-01-18;;;
1970-01-19;1970;1;19;2440605;19;4;1;0;mandag;5,21%;19;0;4;4;;1970-01-19;;;
1970-01-20;1970;1;20;2440606;20;4;2;1;tirsdag;5,48%;20;1;4;4;;1970-01-20;;;
1970-01-21;1970;1;21;2440607;21;4;3;2;onsdag;5,75%;21;2;4;4;;1970-01-21;;;
1970-01-22;1970;1;22;2440608;22;4;4;3;torsdag;6,03%;22;3;4;4;;1970-01-22;;;
1970-01-23;1970;1;23;2440609;23;4;5;4;fredag;6,30%;23;4;4;4;;1970-01-23;;;
1970-01-24;1970;1;24;2440610;24;4;6;5;lørdag;6,58%;24;5;4;4;;1970-01-24;;;
1970-01-25;1970;1;25;2440611;25;4;7;6;søndag;6,85%;25;6;5;4;;1970-01-25;;;
1970-01-26;1970;1;26;2440612;26;5;1;0;mandag;7,12%;26;0;5;5;;1970-01-26;;;
1970-01-27;1970;1;27;2440613;27;5;2;1;tirsdag;7,40%;27;1;5;5;;1970-01-27;;;
1970-01-28;1970;1;28;2440614;28;5;3;2;onsdag;7,67%;28;2;5;5;;1970-01-28;;;
1970-01-29;1970;1;29;2440615;29;5;4;3;torsdag;7,95%;29;3;5;5;;1970-01-29;;;
1970-01-30;1970;1;30;2440616;30;5;5;4;fredag;8,22%;30;4;5;5;;1970-01-30;;;
1970-01-31;1970;1;31;2440617;31;5;6;5;lørdag;8,49%;31;5;5;5;;1970-01-31;;;
1970-02-01;1970;2;1;2440618;32;5;7;6;søndag;8,77%;32;6;6;5;;1970-02-01;;;
1970-02-02;1970;2;2;2440619;33;6;1;0;mandag;9,04%;33;0;6;6;;1970-02-02;;;
1970-02-03;1970;2;3;2440620;34;6;2;1;tirsdag;9,32%;34;1;6;6;;1970-02-03;;;
1970-02-04;1970;2;4;2440621;35;6;3;2;onsdag;9,59%;35;2;6;6;;1970-02-04;;;
1970-02-05;1970;2;5;2440622;36;6;4;3;torsdag;9,86%;36;3;6;6;;1970-02-05;;;
1970-02-06;1970;2;6;2440623;37;6;5;4;fredag;10,14%;37;4;6;6;;1970-02-06;;;
1970-02-07;1970;2;7;2440624;38;6;6;5;lørdag;10,41%;38;5;6;6;;1970-02-07;;;
1970-02-08;1970;2;8;2440625;39;6;7;6;søndag;10,68%;39;6;7;6;;1970-02-08;;;
1970-02-09;1970;2;9;2440626;40;7;1;0;mandag;10,96%;40;0;7;7;;1970-02-09;;;
1970-02-10;1970;2;10;2440627;41;7;2;1;tirsdag;11,23%;41;1;7;7;;1970-02-10;;;
1970-02-11;1970;2;11;2440628;42;7;3;2;onsdag;11,51%;42;2;7;7;;1970-02-11;;;
1970-02-12;1970;2;12;2440629;43;7;4;3;torsdag;11,78%;43;3;7;7;;1970-02-12;;;
1970-02-13;1970;2;13;2440630;44;7;5;4;fredag;12,05%;44;4;7;7;;1970-02-13;;;
1970-02-14;1970;2;14;2440631;45;7;6;5;lørdag;12,33%;45;5;7;7;;1970-02-14;;;
1970-02-15;1970;2;15;2440632;46;7;7;6;søndag;12,60%;46;6;8;7;;1970-02-15;;;
1970-02-16;1970;2;16;2440633;47;8;1;0;mandag;12,88%;47;0;8;8;;1970-02-16;;;
1970-02-17;1970;2;17;2440634;48;8;2;1;tirsdag;13,15%;48;1;8;8;;1970-02-17;;;
1970-02-18;1970;2;18;2440635;49;8;3;2;onsdag;13,42%;49;2;8;8;;1970-02-18;;;
1970-02-19;1970;2;19;2440636;50;8;4;3;torsdag;13,70%;50;3;8;8;;1970-02-19;;;
1970-02-20;1970;2;20;2440637;51;8;5;4;fredag;13,97%;51;4;8;8;;1970-02-20;;;
1970-02-21;1970;2;21;2440638;52;8;6;5;lørdag;14,25%;52;5;8;8;;1970-02-21;;;
1970-02-22;1970;2;22;2440639;53;8;7;6;søndag;14,52%;53;6;9;8;;1970-02-22;;;
1970-02-23;1970;2;23;2440640;54;9;1;0;mandag;14,79%;54;0;9;9;;1970-02-23;;;
1970-02-24;1970;2;24;2440641;55;9;2;1;tirsdag;15,07%;55;1;9;9;;1970-02-24;;;
1970-02-25;1970;2;25;2440642;56;9;3;2;onsdag;15,34%;56;2;9;9;;1970-02-25;;;
1970-02-26;1970;2;26;2440643;57;9;4;3;torsdag;15,62%;57;3;9;9;;1970-02-26;;;
1970-02-27;1970;2;27;2440644;58;9;5;4;fredag;15,89%;58;4;9;9;;1970-02-27;;;
1970-02-28;1970;2;28;2440645;59;9;6;5;lørdag;16,16%;59;5;9;9;;1970-02-28;;;
1970-03-01;1970;3;1;2440646;60;9;7;6;søndag;16,44%;60;6;10;9;;1970-03-01;;;
1970-03-02;1970;3;2;2440647;61;10;1;0;mandag;16,71%;61;0;10;10;;1970-03-02;;;
1970-03-03;1970;3;3;2440648;62;10;2;1;tirsdag;16,99%;62;1;10;10;;1970-03-03;;;
1970-03-04;1970;3;4;2440649;63;10;3;2;onsdag;17,26%;63;2;10;10;;1970-03-04;;;
1970-03-05;1970;3;5;2440650;64;10;4;3;torsdag;17,53%;64;3;10;10;;1970-03-05;;;
1970-03-06;1970;3;6;2440651;65;10;5;4;fredag;17,81%;65;4;10;10;;1970-03-06;;;
1970-03-07;1970;3;7;2440652;66;10;6;5;lørdag;18,08%;66;5;10;10;;1970-03-07;;;
1970-03-08;1970;3;8;2440653;67;10;7;6;søndag;18,36%;67;6;11;10;;1970-03-08;;;
1970-03-09;1970;3;9;2440654;68;11;1;0;mandag;18,63%;68;0;11;11;;1970-03-09;;;
1970-03-10;1970;3;10;2440655;69;11;2;1;tirsdag;18,90%;69;1;11;11;;1970-03-10;;;
1970-03-11;1970;3;11;2440656;70;11;3;2;onsdag;19,18%;70;2;11;11;;1970-03-11;;;
1970-03-12;1970;3;12;2440657;71;11;4;3;torsdag;19,45%;71;3;11;11;;1970-03-12;;;
1970-03-13;1970;3;13;2440658;72;11;5;4;fredag;19,73%;72;4;11;11;;1970-03-13;;;
1970-03-14;1970;3;14;2440659;73;11;6;5;lørdag;20,00%;73;5;11;11;;1970-03-14;;;
1970-03-15;1970;3;15;2440660;74;11;7;6;søndag;20,27%;74;6;12;11;;1970-03-15;;;
1970-03-16;1970;3;16;2440661;75;12;1;0;mandag;20,55%;75;0;12;12;;1970-03-16;;;
1970-03-17;1970;3;17;2440662;76;12;2;1;tirsdag;20,82%;76;1;12;12;;1970-03-17;;;
1970-03-18;1970;3;18;2440663;77;12;3;2;onsdag;21,10%;77;2;12;12;;1970-03-18;;;
1970-03-19;1970;3;19;2440664;78;12;4;3;torsdag;21,37%;78;3;12;12;;1970-03-19;;;
1970-03-20;1970;3;20;2440665;79;12;5;4;fredag;21,64%;79;4;12;12;;1970-03-20;;;
1970-03-21;1970;3;21;2440666;80;12;6;5;lørdag;21,92%;80;5;12;12;;1970-03-21;;;
1970-03-22;1970;3;22;2440667;81;12;7;6;søndag;22,19%;81;6;13;12;;1970-03-22;;;
1970-03-23;1970;3;23;2440668;82;13;1;0;mandag;22,47%;82;0;13;13;;1970-03-23;;;
1970-03-24;1970;3;24;2440669;83;13;2;1;tirsdag;22,74%;83;1;13;13;;1970-03-24;;;
1970-03-25;1970;3;25;2440670;84;13;3;2;onsdag;23,01%;84;2;13;13;;1970-03-25;;;
1970-03-26;1970;3;26;2440671;85;13;4;3;torsdag;23,29%;85;3;13;13;;1970-03-26;;;
1970-03-27;1970;3;27;2440672;86;13;5;4;fredag;23,56%;86;4;13;13;;1970-03-27;;;
1970-03-28;1970;3;28;2440673;87;13;6;5;lørdag;23,84%;87;5;13;13;;1970-03-28;;;
1970-03-29;1970;3;29;2440674;88;13;7;6;søndag;24,11%;88;6;14;13;;1970-03-29;;;
1970-03-30;1970;3;30;2440675;89;14;1;0;mandag;24,38%;89;0;14;14;;1970-03-30;;;
1970-03-31;1970;3;31;2440676;90;14;2;1;tirsdag;24,66%;90;1;14;14;;1970-03-31;;;
1970-04-01;1970;4;1;2440677;91;14;3;2;onsdag;24,93%;91;2;14;14;;1970-04-01;;;
1970-04-02;1970;4;2;2440678;92;14;4;3;torsdag;25,21%;92;3;14;14;;1970-04-02;;;
1970-04-03;1970;4;3;2440679;93;14;5;4;fredag;25,48%;93;4;14;14;;1970-04-03;;;
1970-04-04;1970;4;4;2440680;94;14;6;5;lørdag;25,75%;94;5;14;14;;1970-04-04;;;
1970-04-05;1970;4;5;2440681;95;14;7;6;søndag;26,03%;95;6;15;14;;1970-04-05;;;
1970-04-06;1970;4;6;2440682;96;15;1;0;mandag;26,30%;96;0;15;15;;1970-04-06;;;
1970-04-07;1970;4;7;2440683;97;15;2;1;tirsdag;26,58%;97;1;15;15;;1970-04-07;;;
1970-04-08;1970;4;8;2440684;98;15;3;2;onsdag;26,85%;98;2;15;15;;1970-04-08;;;
1970-04-09;1970;4;9;2440685;99;15;4;3;torsdag;27,12%;99;3;15;15;;1970-04-09;;;
1970-04-10;1970;4;10;2440686;100;15;5;4;fredag;27,40%;100;4;15;15;;1970-04-10;;;
1970-04-11;1970;4;11;2440687;101;15;6;5;lørdag;27,67%;101;5;15;15;;1970-04-11;;;
1970-04-12;1970;4;12;2440688;102;15;7;6;søndag;27,95%;102;6;16;15;;1970-04-12;;;
1970-04-13;1970;4;13;2440689;103;16;1;0;mandag;28,22%;103;0;16;16;;1970-04-13;;;
1970-04-14;1970;4;14;2440690;104;16;2;1;tirsdag;28,49%;104;1;16;16;;1970-04-14;;;
1970-04-15;1970;4;15;2440691;105;16;3;2;onsdag;28,77%;105;2;16;16;;1970-04-15;;;
1970-04-16;1970;4;16;2440692;106;16;4;3;torsdag;29,04%;106;3;16;16;;1970-04-16;;;
1970-04-17;1970;4;17;2440693;107;16;5;4;fredag;29,32%;107;4;16;16;;1970-04-17;;;
1970-04-18;1970;4;18;2440694;108;16;6;5;lørdag;29,59%;108;5;16;16;;1970-04-18;;;
1970-04-19;1970;4;19;2440695;109;16;7;6;søndag;29,86%;109;6;17;16;;1970-04-19;;;
1970-04-20;1970;4;20;2440696;110;17;1;0;mandag;30,14%;110;0;17;17;;1970-04-20;;;
1970-04-21;1970;4;21;2440697;111;17;2;1;tirsdag;30,41%;111;1;17;17;;1970-04-21;;;
1970-04-22;1970;4;22;2440698;112;17;3;2;onsdag;30,68%;112;2;17;17;;1970-04-22;;;
1970-04-23;1970;4;23;2440699;113;17;4;3;torsdag;30,96%;113;3;17;17;;1970-04-23;;;
1970-04-24;1970;4;24;2440700;114;17;5;4;fredag;31,23%;114;4;17;17;;1970-04-24;;;
1970-04-25;1970;4;25;2440701;115;17;6;5;lørdag;31,51%;115;5;17;17;;1970-04-25;;;
1970-04-26;1970;4;26;2440702;116;17;7;6;søndag;31,78%;116;6;18;17;;1970-04-26;;;
1970-04-27;1970;4;27;2440703;117;18;1;0;mandag;32,05%;117;0;18;18;;1970-04-27;;;
1970-04-28;1970;4;28;2440704;118;18;2;1;tirsdag;32,33%;118;1;18;18;;1970-04-28;;;
1970-04-29;1970;4;29;2440705;119;18;3;2;onsdag;32,60%;119;2;18;18;;1970-04-29;;;
1970-04-30;1970;4;30;2440706;120;18;4;3;torsdag;32,88%;120;3;18;18;;1970-04-30;;;
1970-05-01;1970;5;1;2440707;121;18;5;4;fredag;33,15%;121;4;18;18;;1970-05-01;;;
1970-05-02;1970;5;2;2440708;122;18;6;5;lørdag;33,42%;122;5;18;18;;1970-05-02;;;
1970-05-03;1970;5;3;2440709;123;18;7;6;søndag;33,70%;123;6;19;18;;1970-05-03;;;
1970-05-04;1970;5;4;2440710;124;19;1;0;mandag;33,97%;124;0;19;19;;1970-05-04;;;
1970-05-05;1970;5;5;2440711;125;19;2;1;tirsdag;34,25%;125;1;19;19;;1970-05-05;;;
1970-05-06;1970;5;6;2440712;126;19;3;2;onsdag;34,52%;126;2;19;19;;1970-05-06;;;
1970-05-07;1970;5;7;2440713;127;19;4;3;torsdag;34,79%;127;3;19;19;;1970-05-07;;;
1970-05-08;1970;5;8;2440714;128;19;5;4;fredag;35,07%;128;4;19;19;;1970-05-08;;;
1970-05-09;1970;5;9;2440715;129;19;6;5;lørdag;35,34%;129;5;19;19;;1970-05-09;;;
1970-05-10;1970;5;10;2440716;130;19;7;6;søndag;35,62%;130;6;20;19;;1970-05-10;;;
1970-05-11;1970;5;11;2440717;131;20;1;0;mandag;35,89%;131;0;20;20;;1970-05-11;;;
1970-05-12;1970;5;12;2440718;132;20;2;1;tirsdag;36,16%;132;1;20;20;;1970-05-12;;;
1970-05-13;1970;5;13;2440719;133;20;3;2;onsdag;36,44%;133;2;20;20;;1970-05-13;;;
1970-05-14;1970;5;14;2440720;134;20;4;3;torsdag;36,71%;134;3;20;20;;1970-05-14;;;
1970-05-15;1970;5;15;2440721;135;20;5;4;fredag;36,99%;135;4;20;20;;1970-05-15;;;
1970-05-16;1970;5;16;2440722;136;20;6;5;lørdag;37,26%;136;5;20;20;;1970-05-16;;;
1970-05-17;1970;5;17;2440723;137;20;7;6;søndag;37,53%;137;6;21;20;;1970-05-17;;;
1970-05-18;1970;5;18;2440724;138;21;1;0;mandag;37,81%;138;0;21;21;;1970-05-18;;;
1970-05-19;1970;5;19;2440725;139;21;2;1;tirsdag;38,08%;139;1;21;21;;1970-05-19;;;
1970-05-20;1970;5;20;2440726;140;21;3;2;onsdag;38,36%;140;2;21;21;;1970-05-20;;;
1970-05-21;1970;5;21;2440727;141;21;4;3;torsdag;38,63%;141;3;21;21;;1970-05-21;;;
1970-05-22;1970;5;22;2440728;142;21;5;4;fredag;38,90%;142;4;21;21;;1970-05-22;;;
1970-05-23;1970;5;23;2440729;143;21;6;5;lørdag;39,18%;143;5;21;21;;1970-05-23;;;
1970-05-24;1970;5;24;2440730;144;21;7;6;søndag;39,45%;144;6;22;21;;1970-05-24;;;
1970-05-25;1970;5;25;2440731;145;22;1;0;mandag;39,73%;145;0;22;22;;1970-05-25;;;
1970-05-26;1970;5;26;2440732;146;22;2;1;tirsdag;40,00%;146;1;22;22;;1970-05-26;;;
1970-05-27;1970;5;27;2440733;147;22;3;2;onsdag;40,27%;147;2;22;22;;1970-05-27;;;
1970-05-28;1970;5;28;2440734;148;22;4;3;torsdag;40,55%;148;3;22;22;;1970-05-28;;;
1970-05-29;1970;5;29;2440735;149;22;5;4;fredag;40,82%;149;4;22;22;;1970-05-29;;;
1970-05-30;1970;5;30;2440736;150;22;6;5;lørdag;41,10%;150;5;22;22;;1970-05-30;;;
1970-05-31;1970;5;31;2440737;151;22;7;6;søndag;41,37%;151;6;23;22;;1970-05-31;;;
1970-06-01;1970;6;1;2440738;152;23;1;0;mandag;41,64%;152;0;23;23;;1970-06-01;;;
1970-06-02;1970;6;2;2440739;153;23;2;1;tirsdag;41,92%;153;1;23;23;;1970-06-02;;;
1970-06-03;1970;6;3;2440740;154;23;3;2;onsdag;42,19%;154;2;23;23;;1970-06-03;;;
1970-06-04;1970;6;4;2440741;155;23;4;3;torsdag;42,47%;155;3;23;23;;1970-06-04;;;
1970-06-05;1970;6;5;2440742;156;23;5;4;fredag;42,74%;156;4;23;23;;1970-06-05;;;
1970-06-06;1970;6;6;2440743;157;23;6;5;lørdag;43,01%;157;5;23;23;;1970-06-06;;;
1970-06-07;1970;6;7;2440744;158;23;7;6;søndag;43,29%;158;6;24;23;;1970-06-07;;;
1970-06-08;1970;6;8;2440745;159;24;1;0;mandag;43,56%;159;0;24;24;;1970-06-08;;;
1970-06-09;1970;6;9;2440746;160;24;2;1;tirsdag;43,84%;160;1;24;24;;1970-06-09;;;
1970-06-10;1970;6;10;2440747;161;24;3;2;onsdag;44,11%;161;2;24;24;;1970-06-10;;;
1970-06-11;1970;6;11;2440748;162;24;4;3;torsdag;44,38%;162;3;24;24;;1970-06-11;;;
1970-06-12;1970;6;12;2440749;163;24;5;4;fredag;44,66%;163;4;24;24;;1970-06-12;;;
1970-06-13;1970;6;13;2440750;164;24;6;5;lørdag;44,93%;164;5;24;24;;1970-06-13;;;
1970-06-14;1970;6;14;2440751;165;24;7;6;søndag;45,21%;165;6;25;24;;1970-06-14;;;
1970-06-15;1970;6;15;2440752;166;25;1;0;mandag;45,48%;166;0;25;25;;1970-06-15;;;
1970-06-16;1970;6;16;2440753;167;25;2;1;tirsdag;45,75%;167;1;25;25;;1970-06-16;;;
1970-06-17;1970;6;17;2440754;168;25;3;2;onsdag;46,03%;168;2;25;25;;1970-06-17;;;
1970-06-18;1970;6;18;2440755;169;25;4;3;torsdag;46,30%;169;3;25;25;;1970-06-18;;;
1970-06-19;1970;6;19;2440756;170;25;5;4;fredag;46,58%;170;4;25;25;;1970-06-19;;;
1970-06-20;1970;6;20;2440757;171;25;6;5;lørdag;46,85%;171;5;25;25;;1970-06-20;;;
1970-06-21;1970;6;21;2440758;172;25;7;6;søndag;47,12%;172;6;26;25;;1970-06-21;;;
1970-06-22;1970;6;22;2440759;173;26;1;0;mandag;47,40%;173;0;26;26;;1970-06-22;;;
1970-06-23;1970;6;23;2440760;174;26;2;1;tirsdag;47,67%;174;1;26;26;;1970-06-23;;;
1970-06-24;1970;6;24;2440761;175;26;3;2;onsdag;47,95%;175;2;26;26;;1970-06-24;;;
1970-06-25;1970;6;25;2440762;176;26;4;3;torsdag;48,22%;176;3;26;26;;1970-06-25;;;
1970-06-26;1970;6;26;2440763;177;26;5;4;fredag;48,49%;177;4;26;26;;1970-06-26;;;
1970-06-27;1970;6;27;2440764;178;26;6;5;lørdag;48,77%;178;5;26;26;;1970-06-27;;;
1970-06-28;1970;6;28;2440765;179;26;7;6;søndag;49,04%;179;6;27;26;;1970-06-28;;;
1970-06-29;1970;6;29;2440766;180;27;1;0;mandag;49,32%;180;0;27;27;;1970-06-29;;;
1970-06-30;1970;6;30;2440767;181;27;2;1;tirsdag;49,59%;181;1;27;27;;1970-06-30;;;
1970-07-01;1970;7;1;2440768;182;27;3;2;onsdag;49,86%;182;2;27;27;;1970-07-01;;;
1970-07-02;1970;7;2;2440769;183;27;4;3;torsdag;50,14%;183;3;27;27;;1970-07-02;;;
1970-07-03;1970;7;3;2440770;184;27;5;4;fredag;50,41%;184;4;27;27;;1970-07-03;;;
1970-07-04;1970;7;4;2440771;185;27;6;5;lørdag;50,68%;185;5;27;27;;1970-07-04;;;
1970-07-05;1970;7;5;2440772;186;27;7;6;søndag;50,96%;186;6;28;27;;1970-07-05;;;
1970-07-06;1970;7;6;2440773;187;28;1;0;mandag;51,23%;187;0;28;28;;1970-07-06;;;
1970-07-07;1970;7;7;2440774;188;28;2;1;tirsdag;51,51%;188;1;28;28;;1970-07-07;;;
1970-07-08;1970;7;8;2440775;189;28;3;2;onsdag;51,78%;189;2;28;28;;1970-07-08;;;
1970-07-09;1970;7;9;2440776;190;28;4;3;torsdag;52,05%;190;3;28;28;;1970-07-09;;;
1970-07-10;1970;7;10;2440777;191;28;5;4;fredag;52,33%;191;4;28;28;;1970-07-10;;;
1970-07-11;1970;7;11;2440778;192;28;6;5;lørdag;52,60%;192;5;28;28;;1970-07-11;;;
1970-07-12;1970;7;12;2440779;193;28;7;6;søndag;52,88%;193;6;29;28;;1970-07-12;;;
1970-07-13;1970;7;13;2440780;194;29;1;0;mandag;53,15%;194;0;29;29;;1970-07-13;;;
1970-07-14;1970;7;14;2440781;195;29;2;1;tirsdag;53,42%;195;1;29;29;;1970-07-14;;;
1970-07-15;1970;7;15;2440782;196;29;3;2;onsdag;53,70%;196;2;29;29;;1970-07-15;;;
1970-07-16;1970;7;16;2440783;197;29;4;3;torsdag;53,97%;197;3;29;29;;1970-07-16;;;
1970-07-17;1970;7;17;2440784;198;29;5;4;fredag;54,25%;198;4;29;29;;1970-07-17;;;
1970-07-18;1970;7;18;2440785;199;29;6;5;lørdag;54,52%;199;5;29;29;;1970-07-18;;;
1970-07-19;1970;7;19;2440786;200;29;7;6;søndag;54,79%;200;6;30;29;;1970-07-19;;;
1970-07-20;1970;7;20;2440787;201;30;1;0;mandag;55,07%;201;0;30;30;;1970-07-20;;;
1970-07-21;1970;7;21;2440788;202;30;2;1;tirsdag;55,34%;202;1;30;30;;1970-07-21;;;
1970-07-22;1970;7;22;2440789;203;30;3;2;onsdag;55,62%;203;2;30;30;;1970-07-22;;;
1970-07-23;1970;7;23;2440790;204;30;4;3;torsdag;55,89%;204;3;30;30;;1970-07-23;;;
1970-07-24;1970;7;24;2440791;205;30;5;4;fredag;56,16%;205;4;30;30;;1970-07-24;;;
1970-07-25;1970;7;25;2440792;206;30;6;5;lørdag;56,44%;206;5;30;30;;1970-07-25;;;
1970-07-26;1970;7;26;2440793;207;30;7;6;søndag;56,71%;207;6;31;30;;1970-07-26;;;
1970-07-27;1970;7;27;2440794;208;31;1;0;mandag;56,99%;208;0;31;31;;1970-07-27;;;
1970-07-28;1970;7;28;2440795;209;31;2;1;tirsdag;57,26%;209;1;31;31;;1970-07-28;;;
1970-07-29;1970;7;29;2440796;210;31;3;2;onsdag;57,53%;210;2;31;31;;1970-07-29;;;
1970-07-30;1970;7;30;2440797;211;31;4;3;torsdag;57,81%;211;3;31;31;;1970-07-30;;;
1970-07-31;1970;7;31;2440798;212;31;5;4;fredag;58,08%;212;4;31;31;;1970-07-31;;;
1970-08-01;1970;8;1;2440799;213;31;6;5;lørdag;58,36%;213;5;31;31;;1970-08-01;;;
1970-08-02;1970;8;2;2440800;214;31;7;6;søndag;58,63%;214;6;32;31;;1970-08-02;;;
1970-08-03;1970;8;3;2440801;215;32;1;0;mandag;58,90%;215;0;32;32;;1970-08-03;;;
1970-08-04;1970;8;4;2440802;216;32;2;1;tirsdag;59,18%;216;1;32;32;;1970-08-04;;;
1970-08-05;1970;8;5;2440803;217;32;3;2;onsdag;59,45%;217;2;32;32;;1970-08-05;;;
1970-08-06;1970;8;6;2440804;218;32;4;3;torsdag;59,73%;218;3;32;32;;1970-08-06;;;
1970-08-07;1970;8;7;2440805;219;32;5;4;fredag;60,00%;219;4;32;32;;1970-08-07;;;
1970-08-08;1970;8;8;2440806;220;32;6;5;lørdag;60,27%;220;5;32;32;;1970-08-08;;;
1970-08-09;1970;8;9;2440807;221;32;7;6;søndag;60,55%;221;6;33;32;;1970-08-09;;;
1970-08-10;1970;8;10;2440808;222;33;1;0;mandag;60,82%;222;0;33;33;;1970-08-10;;;
1970-08-11;1970;8;11;2440809;223;33;2;1;tirsdag;61,10%;223;1;33;33;;1970-08-11;;;
1970-08-12;1970;8;12;2440810;224;33;3;2;onsdag;61,37%;224;2;33;33;;1970-08-12;;;
1970-08-13;1970;8;13;2440811;225;33;4;3;torsdag;61,64%;225;3;33;33;;1970-08-13;;;
1970-08-14;1970;8;14;2440812;226;33;5;4;fredag;61,92%;226;4;33;33;;1970-08-14;;;
1970-08-15;1970;8;15;2440813;227;33;6;5;lørdag;62,19%;227;5;33;33;;1970-08-15;;;
1970-08-16;1970;8;16;2440814;228;33;7;6;søndag;62,47%;228;6;34;33;;1970-08-16;;;
1970-08-17;1970;8;17;2440815;229;34;1;0;mandag;62,74%;229;0;34;34;;1970-08-17;;;
1970-08-18;1970;8;18;2440816;230;34;2;1;tirsdag;63,01%;230;1;34;34;;1970-08-18;;;
1970-08-19;1970;8;19;2440817;231;34;3;2;onsdag;63,29%;231;2;34;34;;1970-08-19;;;
1970-08-20;1970;8;20;2440818;232;34;4;3;torsdag;63,56%;232;3;34;34;;1970-08-20;;;
1970-08-21;1970;8;21;2440819;233;34;5;4;fredag;63,84%;233;4;34;34;;1970-08-21;;;
1970-08-22;1970;8;22;2440820;234;34;6;5;lørdag;64,11%;234;5;34;34;;1970-08-22;;;
1970-08-23;1970;8;23;2440821;235;34;7;6;søndag;64,38%;235;6;35;34;;1970-08-23;;;
1970-08-24;1970;8;24;2440822;236;35;1;0;mandag;64,66%;236;0;35;35;;1970-08-24;;;
1970-08-25;1970;8;25;2440823;237;35;2;1;tirsdag;64,93%;237;1;35;35;;1970-08-25;;;
1970-08-26;1970;8;26;2440824;238;35;3;2;onsdag;65,21%;238;2;35;35;;1970-08-26;;;
1970-08-27;1970;8;27;2440825;239;35;4;3;torsdag;65,48%;239;3;35;35;;1970-08-27;;;
1970-08-28;1970;8;28;2440826;240;35;5;4;fredag;65,75%;240;4;35;35;;1970-08-28;;;
1970-08-29;1970;8;29;2440827;241;35;6;5;lørdag;66,03%;241;5;35;35;;1970-08-29;;;
1970-08-30;1970;8;30;2440828;242;35;7;6;søndag;66,30%;242;6;36;35;;1970-08-30;;;
1970-08-31;1970;8;31;2440829;243;36;1;0;mandag;66,58%;243;0;36;36;;1970-08-31;;;
1970-09-01;1970;9;1;2440830;244;36;2;1;tirsdag;66,85%;244;1;36;36;;1970-09-01;;;
1970-09-02;1970;9;2;2440831;245;36;3;2;onsdag;67,12%;245;2;36;36;;1970-09-02;;;
1970-09-03;1970;9;3;2440832;246;36;4;3;torsdag;67,40%;246;3;36;36;;1970-09-03;;;
1970-09-04;1970;9;4;2440833;247;36;5;4;fredag;67,67%;247;4;36;36;;1970-09-04;;;
1970-09-05;1970;9;5;2440834;248;36;6;5;lørdag;67,95%;248;5;36;36;;1970-09-05;;;
1970-09-06;1970;9;6;2440835;249;36;7;6;søndag;68,22%;249;6;37;36;;1970-09-06;;;
1970-09-07;1970;9;7;2440836;250;37;1;0;mandag;68,49%;250;0;37;37;;1970-09-07;;;
1970-09-08;1970;9;8;2440837;251;37;2;1;tirsdag;68,77%;251;1;37;37;;1970-09-08;;;
1970-09-09;1970;9;9;2440838;252;37;3;2;onsdag;69,04%;252;2;37;37;;1970-09-09;;;
1970-09-10;1970;9;10;2440839;253;37;4;3;torsdag;69,32%;253;3;37;37;;1970-09-10;;;
1970-09-11;1970;9;11;2440840;254;37;5;4;fredag;69,59%;254;4;37;37;;1970-09-11;;;
1970-09-12;1970;9;12;2440841;255;37;6;5;lørdag;69,86%;255;5;37;37;;1970-09-12;;;
1970-09-13;1970;9;13;2440842;256;37;7;6;søndag;70,14%;256;6;38;37;;1970-09-13;;;
1970-09-14;1970;9;14;2440843;257;38;1;0;mandag;70,41%;257;0;38;38;;1970-09-14;;;
1970-09-15;1970;9;15;2440844;258;38;2;1;tirsdag;70,68%;258;1;38;38;;1970-09-15;;;
1970-09-16;1970;9;16;2440845;259;38;3;2;onsdag;70,96%;259;2;38;38;;1970-09-16;;;
1970-09-17;1970;9;17;2440846;260;38;4;3;torsdag;71,23%;260;3;38;38;;1970-09-17;;;
1970-09-18;1970;9;18;2440847;261;38;5;4;fredag;71,51%;261;4;38;38;;1970-09-18;;;
1970-09-19;1970;9;19;2440848;262;38;6;5;lørdag;71,78%;262;5;38;38;;1970-09-19;;;
1970-09-20;1970;9;20;2440849;263;38;7;6;søndag;72,05%;263;6;39;38;;1970-09-20;;;
1970-09-21;1970;9;21;2440850;264;39;1;0;mandag;72,33%;264;0;39;39;;1970-09-21;;;
1970-09-22;1970;9;22;2440851;265;39;2;1;tirsdag;72,60%;265;1;39;39;;1970-09-22;;;
1970-09-23;1970;9;23;2440852;266;39;3;2;onsdag;72,88%;266;2;39;39;;1970-09-23;;;
1970-09-24;1970;9;24;2440853;267;39;4;3;torsdag;73,15%;267;3;39;39;;1970-09-24;;;
1970-09-25;1970;9;25;2440854;268;39;5;4;fredag;73,42%;268;4;39;39;;1970-09-25;;;
1970-09-26;1970;9;26;2440855;269;39;6;5;lørdag;73,70%;269;5;39;39;;1970-09-26;;;
1970-09-27;1970;9;27;2440856;270;39;7;6;søndag;73,97%;270;6;40;39;;1970-09-27;;;
1970-09-28;1970;9;28;2440857;271;40;1;0;mandag;74,25%;271;0;40;40;;1970-09-28;;;
1970-09-29;1970;9;29;2440858;272;40;2;1;tirsdag;74,52%;272;1;40;40;;1970-09-29;;;
1970-09-30;1970;9;30;2440859;273;40;3;2;onsdag;74,79%;273;2;40;40;;1970-09-30;;;
1970-10-01;1970;10;1;2440860;274;40;4;3;torsdag;75,07%;274;3;40;40;;1970-10-01;;;
1970-10-02;1970;10;2;2440861;275;40;5;4;fredag;75,34%;275;4;40;40;;1970-10-02;;;
1970-10-03;1970;10;3;2440862;276;40;6;5;lørdag;75,62%;276;5;40;40;;1970-10-03;;;
1970-10-04;1970;10;4;2440863;277;40;7;6;søndag;75,89%;277;6;41;40;;1970-10-04;;;
1970-10-05;1970;10;5;2440864;278;41;1;0;mandag;76,16%;278;0;41;41;;1970-10-05;;;
1970-10-06;1970;10;6;2440865;279;41;2;1;tirsdag;76,44%;279;1;41;41;;1970-10-06;;;
1970-10-07;1970;10;7;2440866;280;41;3;2;onsdag;76,71%;280;2;41;41;;1970-10-07;;;
1970-10-08;1970;10;8;2440867;281;41;4;3;torsdag;76,99%;281;3;41;41;;1970-10-08;;;
1970-10-09;1970;10;9;2440868;282;41;5;4;fredag;77,26%;282;4;41;41;;1970-10-09;;;
1970-10-10;1970;10;10;2440869;283;41;6;5;lørdag;77,53%;283;5;41;41;;1970-10-10;;;
1970-10-11;1970;10;11;2440870;284;41;7;6;søndag;77,81%;284;6;42;41;;1970-10-11;;;
1970-10-12;1970;10;12;2440871;285;42;1;0;mandag;78,08%;285;0;42;42;;1970-10-12;;;
1970-10-13;1970;10;13;2440872;286;42;2;1;tirsdag;78,36%;286;1;42;42;;1970-10-13;;;
1970-10-14;1970;10;14;2440873;287;42;3;2;onsdag;78,63%;287;2;42;42;;1970-10-14;;;
1970-10-15;1970;10;15;2440874;288;42;4;3;torsdag;78,90%;288;3;42;42;;1970-10-15;;;
1970-10-16;1970;10;16;2440875;289;42;5;4;fredag;79,18%;289;4;42;42;;1970-10-16;;;
1970-10-17;1970;10;17;2440876;290;42;6;5;lørdag;79,45%;290;5;42;42;;1970-10-17;;;
1970-10-18;1970;10;18;2440877;291;42;7;6;søndag;79,73%;291;6;43;42;;1970-10-18;;;
1970-10-19;1970;10;19;2440878;292;43;1;0;mandag;80,00%;292;0;43;43;;1970-10-19;;;
1970-10-20;1970;10;20;2440879;293;43;2;1;tirsdag;80,27%;293;1;43;43;;1970-10-20;;;
1970-10-21;1970;10;21;2440880;294;43;3;2;onsdag;80,55%;294;2;43;43;;1970-10-21;;;
1970-10-22;1970;10;22;2440881;295;43;4;3;torsdag;80,82%;295;3;43;43;;1970-10-22;;;
1970-10-23;1970;10;23;2440882;296;43;5;4;fredag;81,10%;296;4;43;43;;1970-10-23;;;
1970-10-24;1970;10;24;2440883;297;43;6;5;lørdag;81,37%;297;5;43;43;;1970-10-24;;;
1970-10-25;1970;10;25;2440884;298;43;7;6;søndag;81,64%;298;6;44;43;;1970-10-25;;;
1970-10-26;1970;10;26;2440885;299;44;1;0;mandag;81,92%;299;0;44;44;;1970-10-26;;;
1970-10-27;1970;10;27;2440886;300;44;2;1;tirsdag;82,19%;300;1;44;44;;1970-10-27;;;
1970-10-28;1970;10;28;2440887;301;44;3;2;onsdag;82,47%;301;2;44;44;;1970-10-28;;;
1970-10-29;1970;10;29;2440888;302;44;4;3;torsdag;82,74%;302;3;44;44;;1970-10-29;;;
1970-10-30;1970;10;30;2440889;303;44;5;4;fredag;83,01%;303;4;44;44;;1970-10-30;;;
1970-10-31;1970;10;31;2440890;304;44;6;5;lørdag;83,29%;304;5;44;44;;1970-10-31;;;
1970-11-01;1970;11;1;2440891;305;44;7;6;søndag;83,56%;305;6;45;44;;1970-11-01;;;
1970-11-02;1970;11;2;2440892;306;45;1;0;mandag;83,84%;306;0;45;45;;1970-11-02;;;
1970-11-03;1970;11;3;2440893;307;45;2;1;tirsdag;84,11%;307;1;45;45;;1970-11-03;;;
1970-11-04;1970;11;4;2440894;308;45;3;2;onsdag;84,38%;308;2;45;45;;1970-11-04;;;
1970-11-05;1970;11;5;2440895;309;45;4;3;torsdag;84,66%;309;3;45;45;;1970-11-05;;;
1970-11-06;1970;11;6;2440896;310;45;5;4;fredag;84,93%;310;4;45;45;;1970-11-06;;;
1970-11-07;1970;11;7;2440897;311;45;6;5;lørdag;85,21%;311;5;45;45;;1970-11-07;;;
1970-11-08;1970;11;8;2440898;312;45;7;6;søndag;85,48%;312;6;46;45;;1970-11-08;;;
1970-11-09;1970;11;9;2440899;313;46;1;0;mandag;85,75%;313;0;46;46;;1970-11-09;;;
1970-11-10;1970;11;10;2440900;314;46;2;1;tirsdag;86,03%;314;1;46;46;;1970-11-10;;;
1970-11-11;1970;11;11;2440901;315;46;3;2;onsdag;86,30%;315;2;46;46;;1970-11-11;;;
1970-11-12;1970;11;12;2440902;316;46;4;3;torsdag;86,58%;316;3;46;46;;1970-11-12;;;
1970-11-13;1970;11;13;2440903;317;46;5;4;fredag;86,85%;317;4;46;46;;1970-11-13;;;
1970-11-14;1970;11;14;2440904;318;46;6;5;lørdag;87,12%;318;5;46;46;;1970-11-14;;;
1970-11-15;1970;11;15;2440905;319;46;7;6;søndag;87,40%;319;6;47;46;;1970-11-15;;;
1970-11-16;1970;11;16;2440906;320;47;1;0;mandag;87,67%;320;0;47;47;;1970-11-16;;;
1970-11-17;1970;11;17;2440907;321;47;2;1;tirsdag;87,95%;321;1;47;47;;1970-11-17;;;
1970-11-18;1970;11;18;2440908;322;47;3;2;onsdag;88,22%;322;2;47;47;;1970-11-18;;;
1970-11-19;1970;11;19;2440909;323;47;4;3;torsdag;88,49%;323;3;47;47;;1970-11-19;;;
1970-11-20;1970;11;20;2440910;324;47;5;4;fredag;88,77%;324;4;47;47;;1970-11-20;;;
1970-11-21;1970;11;21;2440911;325;47;6;5;lørdag;89,04%;325;5;47;47;;1970-11-21;;;
1970-11-22;1970;11;22;2440912;326;47;7;6;søndag;89,32%;326;6;48;47;;1970-11-22;;;
1970-11-23;1970;11;23;2440913;327;48;1;0;mandag;89,59%;327;0;48;48;;1970-11-23;;;
1970-11-24;1970;11;24;2440914;328;48;2;1;tirsdag;89,86%;328;1;48;48;;1970-11-24;;;
1970-11-25;1970;11;25;2440915;329;48;3;2;onsdag;90,14%;329;2;48;48;;1970-11-25;;;
1970-11-26;1970;11;26;2440916;330;48;4;3;torsdag;90,41%;330;3;48;48;;1970-11-26;;;
1970-11-27;1970;11;27;2440917;331;48;5;4;fredag;90,68%;331;4;48;48;;1970-11-27;;;
1970-11-28;1970;11;28;2440918;332;48;6;5;lørdag;90,96%;332;5;48;48;;1970-11-28;;;
1970-11-29;1970;11;29;2440919;333;48;7;6;søndag;91,23%;333;6;49;48;;1970-11-29;;;
1970-11-30;1970;11;30;2440920;334;49;1;0;mandag;91,51%;334;0;49;49;;1970-11-30;;;
1970-12-01;1970;12;1;2440921;335;49;2;1;tirsdag;91,78%;335;1;49;49;;1970-12-01;;;
1970-12-02;1970;12;2;2440922;336;49;3;2;onsdag;92,05%;336;2;49;49;;1970-12-02;;;
1970-12-03;1970;12;3;2440923;337;49;4;3;torsdag;92,33%;337;3;49;49;;1970-12-03;;;
1970-12-04;1970;12;4;2440924;338;49;5;4;fredag;92,60%;338;4;49;49;;1970-12-04;;;
1970-12-05;1970;12;5;2440925;339;49;6;5;lørdag;92,88%;339;5;49;49;;1970-12-05;;;
1970-12-06;1970;12;6;2440926;340;49;7;6;søndag;93,15%;340;6;50;49;;1970-12-06;;;
1970-12-07;1970;12;7;2440927;341;50;1;0;mandag;93,42%;341;0;50;50;;1970-12-07;;;
1970-12-08;1970;12;8;2440928;342;50;2;1;tirsdag;93,70%;342;1;50;50;;1970-12-08;;;
1970-12-09;1970;12;9;2440929;343;50;3;2;onsdag;93,97%;343;2;50;50;;1970-12-09;;;
1970-12-10;1970;12;10;2440930;344;50;4;3;torsdag;94,25%;344;3;50;50;;1970-12-10;;;
1970-12-11;1970;12;11;2440931;345;50;5;4;fredag;94,52%;345;4;50;50;;1970-12-11;;;
1970-12-12;1970;12;12;2440932;346;50;6;5;lørdag;94,79%;346;5;50;50;;1970-12-12;;;
1970-12-13;1970;12;13;2440933;347;50;7;6;søndag;95,07%;347;6;51;50;;1970-12-13;;;
1970-12-14;1970;12;14;2440934;348;51;1;0;mandag;95,34%;348;0;51;51;;1970-12-14;;;
1970-12-15;1970;12;15;2440935;349;51;2;1;tirsdag;95,62%;349;1;51;51;;1970-12-15;;;
1970-12-16;1970;12;16;2440936;350;51;3;2;onsdag;95,89%;350;2;51;51;;1970-12-16;;;
1970-12-17;1970;12;17;2440937;351;51;4;3;torsdag;96,16%;351;3;51;51;;1970-12-17;;;
1970-12-18;1970;12;18;2440938;352;51;5;4;fredag;96,44%;352;4;51;51;;1970-12-18;;;
1970-12-19;1970;12;19;2440939;353;51;6;5;lørdag;96,71%;353;5;51;51;;1970-12-19;;;
1970-12-20;1970;12;20;2440940;354;51;7;6;søndag;96,99%;354;6;52;51;;1970-12-20;;;
1970-12-21;1970;12;21;2440941;355;52;1;0;mandag;97,26%;355;0;52;52;;1970-12-21;;;
1970-12-22;1970;12;22;2440942;356;52;2;1;tirsdag;97,53%;356;1;52;52;;1970-12-22;;;
1970-12-23;1970;12;23;2440943;357;52;3;2;onsdag;97,81%;357;2;52;52;;1970-12-23;;;
1970-12-24;1970;12;24;2440944;358;52;4;3;torsdag;98,08%;358;3;52;52;;1970-12-24;;;
1970-12-25;1970;12;25;2440945;359;52;5;4;fredag;98,36%;359;4;52;52;;1970-12-25;;;
1970-12-26;1970;12;26;2440946;360;52;6;5;lørdag;98,63%;360;5;52;52;;1970-12-26;;;
1970-12-27;1970;12;27;2440947;361;52;7;6;søndag;98,90%;361;6;53;52;;1970-12-27;;;
1970-12-28;1970;12;28;2440948;362;53;1;0;mandag;99,18%;362;0;53;53;;1970-12-28;;;
1970-12-29;1970;12;29;2440949;363;53;2;1;tirsdag;99,45%;363;1;53;53;;1970-12-29;;;
1970-12-30;1970;12;30;2440950;364;53;3;2;onsdag;99,73%;364;2;53;53;;1970-12-30;;;
1970-12-31;1970;12;31;2440951;365;53;4;3;torsdag;100,00%;365;3;53;53;;1970-12-31;;;
1971-01-01;1971;1;1;2440952;1;53;5;4;fredag;0,27%;1;4;1;53;;1971-01-01;;;
1971-01-02;1971;1;2;2440953;2;53;6;5;lørdag;0,55%;2;5;1;53;;1971-01-02;;;
1971-01-03;1971;1;3;2440954;3;53;7;6;søndag;0,82%;3;6;2;53;;1971-01-03;;;
1971-01-04;1971;1;4;2440955;4;1;1;0;mandag;1,10%;4;0;2;1;;1971-01-04;;;
1971-01-05;1971;1;5;2440956;5;1;2;1;tirsdag;1,37%;5;1;2;1;;1971-01-05;;;
1971-01-06;1971;1;6;2440957;6;1;3;2;onsdag;1,64%;6;2;2;1;;1971-01-06;;;
1971-01-07;1971;1;7;2440958;7;1;4;3;torsdag;1,92%;7;3;2;1;;1971-01-07;;;
1971-01-08;1971;1;8;2440959;8;1;5;4;fredag;2,19%;8;4;2;1;;1971-01-08;;;
1971-01-09;1971;1;9;2440960;9;1;6;5;lørdag;2,47%;9;5;2;1;;1971-01-09;;;
1971-01-10;1971;1;10;2440961;10;1;7;6;søndag;2,74%;10;6;3;1;;1971-01-10;;;
1971-01-11;1971;1;11;2440962;11;2;1;0;mandag;3,01%;11;0;3;2;;1971-01-11;;;
1971-01-12;1971;1;12;2440963;12;2;2;1;tirsdag;3,29%;12;1;3;2;;1971-01-12;;;
1971-01-13;1971;1;13;2440964;13;2;3;2;onsdag;3,56%;13;2;3;2;;1971-01-13;;;
1971-01-14;1971;1;14;2440965;14;2;4;3;torsdag;3,84%;14;3;3;2;;1971-01-14;;;
1971-01-15;1971;1;15;2440966;15;2;5;4;fredag;4,11%;15;4;3;2;;1971-01-15;;;
1971-01-16;1971;1;16;2440967;16;2;6;5;lørdag;4,38%;16;5;3;2;;1971-01-16;;;
1971-01-17;1971;1;17;2440968;17;2;7;6;søndag;4,66%;17;6;4;2;;1971-01-17;;;
1971-01-18;1971;1;18;2440969;18;3;1;0;mandag;4,93%;18;0;4;3;;1971-01-18;;;
1971-01-19;1971;1;19;2440970;19;3;2;1;tirsdag;5,21%;19;1;4;3;;1971-01-19;;;
1971-01-20;1971;1;20;2440971;20;3;3;2;onsdag;5,48%;20;2;4;3;;1971-01-20;;;
1971-01-21;1971;1;21;2440972;21;3;4;3;torsdag;5,75%;21;3;4;3;;1971-01-21;;;
1971-01-22;1971;1;22;2440973;22;3;5;4;fredag;6,03%;22;4;4;3;;1971-01-22;;;
1971-01-23;1971;1;23;2440974;23;3;6;5;lørdag;6,30%;23;5;4;3;;1971-01-23;;;
1971-01-24;1971;1;24;2440975;24;3;7;6;søndag;6,58%;24;6;5;3;;1971-01-24;;;
1971-01-25;1971;1;25;2440976;25;4;1;0;mandag;6,85%;25;0;5;4;;1971-01-25;;;
1971-01-26;1971;1;26;2440977;26;4;2;1;tirsdag;7,12%;26;1;5;4;;1971-01-26;;;
1971-01-27;1971;1;27;2440978;27;4;3;2;onsdag;7,40%;27;2;5;4;;1971-01-27;;;
1971-01-28;1971;1;28;2440979;28;4;4;3;torsdag;7,67%;28;3;5;4;;1971-01-28;;;
1971-01-29;1971;1;29;2440980;29;4;5;4;fredag;7,95%;29;4;5;4;;1971-01-29;;;
1971-01-30;1971;1;30;2440981;30;4;6;5;lørdag;8,22%;30;5;5;4;;1971-01-30;;;
1971-01-31;1971;1;31;2440982;31;4;7;6;søndag;8,49%;31;6;6;4;;1971-01-31;;;
1971-02-01;1971;2;1;2440983;32;5;1;0;mandag;8,77%;32;0;6;5;;1971-02-01;;;
1971-02-02;1971;2;2;2440984;33;5;2;1;tirsdag;9,04%;33;1;6;5;;1971-02-02;;;
1971-02-03;1971;2;3;2440985;34;5;3;2;onsdag;9,32%;34;2;6;5;;1971-02-03;;;
1971-02-04;1971;2;4;2440986;35;5;4;3;torsdag;9,59%;35;3;6;5;;1971-02-04;;;
1971-02-05;1971;2;5;2440987;36;5;5;4;fredag;9,86%;36;4;6;5;;1971-02-05;;;
1971-02-06;1971;2;6;2440988;37;5;6;5;lørdag;10,14%;37;5;6;5;;1971-02-06;;;
1971-02-07;1971;2;7;2440989;38;5;7;6;søndag;10,41%;38;6;7;5;;1971-02-07;;;
1971-02-08;1971;2;8;2440990;39;6;1;0;mandag;10,68%;39;0;7;6;;1971-02-08;;;
1971-02-09;1971;2;9;2440991;40;6;2;1;tirsdag;10,96%;40;1;7;6;;1971-02-09;;;
1971-02-10;1971;2;10;2440992;41;6;3;2;onsdag;11,23%;41;2;7;6;;1971-02-10;;;
1971-02-11;1971;2;11;2440993;42;6;4;3;torsdag;11,51%;42;3;7;6;;1971-02-11;;;
1971-02-12;1971;2;12;2440994;43;6;5;4;fredag;11,78%;43;4;7;6;;1971-02-12;;;
1971-02-13;1971;2;13;2440995;44;6;6;5;lørdag;12,05%;44;5;7;6;;1971-02-13;;;
1971-02-14;1971;2;14;2440996;45;6;7;6;søndag;12,33%;45;6;8;6;;1971-02-14;;;
1971-02-15;1971;2;15;2440997;46;7;1;0;mandag;12,60%;46;0;8;7;;1971-02-15;;;
1971-02-16;1971;2;16;2440998;47;7;2;1;tirsdag;12,88%;47;1;8;7;;1971-02-16;;;
1971-02-17;1971;2;17;2440999;48;7;3;2;onsdag;13,15%;48;2;8;7;;1971-02-17;;;
1971-02-18;1971;2;18;2441000;49;7;4;3;torsdag;13,42%;49;3;8;7;;1971-02-18;;;
1971-02-19;1971;2;19;2441001;50;7;5;4;fredag;13,70%;50;4;8;7;;1971-02-19;;;
1971-02-20;1971;2;20;2441002;51;7;6;5;lørdag;13,97%;51;5;8;7;;1971-02-20;;;
1971-02-21;1971;2;21;2441003;52;7;7;6;søndag;14,25%;52;6;9;7;;1971-02-21;;;
1971-02-22;1971;2;22;2441004;53;8;1;0;mandag;14,52%;53;0;9;8;;1971-02-22;;;
1971-02-23;1971;2;23;2441005;54;8;2;1;tirsdag;14,79%;54;1;9;8;;1971-02-23;;;
1971-02-24;1971;2;24;2441006;55;8;3;2;onsdag;15,07%;55;2;9;8;;1971-02-24;;;
1971-02-25;1971;2;25;2441007;56;8;4;3;torsdag;15,34%;56;3;9;8;;1971-02-25;;;
1971-02-26;1971;2;26;2441008;57;8;5;4;fredag;15,62%;57;4;9;8;;1971-02-26;;;
1971-02-27;1971;2;27;2441009;58;8;6;5;lørdag;15,89%;58;5;9;8;;1971-02-27;;;
1971-02-28;1971;2;28;2441010;59;8;7;6;søndag;16,16%;59;6;10;8;;1971-02-28;;;
1971-03-01;1971;3;1;2441011;60;9;1;0;mandag;16,44%;60;0;10;9;;1971-03-01;;;
1971-03-02;1971;3;2;2441012;61;9;2;1;tirsdag;16,71%;61;1;10;9;;1971-03-02;;;
1971-03-03;1971;3;3;2441013;62;9;3;2;onsdag;16,99%;62;2;10;9;;1971-03-03;;;
1971-03-04;1971;3;4;2441014;63;9;4;3;torsdag;17,26%;63;3;10;9;;1971-03-04;;;
1971-03-05;1971;3;5;2441015;64;9;5;4;fredag;17,53%;64;4;10;9;;1971-03-05;;;
1971-03-06;1971;3;6;2441016;65;9;6;5;lørdag;17,81%;65;5;10;9;;1971-03-06;;;
1971-03-07;1971;3;7;2441017;66;9;7;6;søndag;18,08%;66;6;11;9;;1971-03-07;;;
1971-03-08;1971;3;8;2441018;67;10;1;0;mandag;18,36%;67;0;11;10;;1971-03-08;;;
1971-03-09;1971;3;9;2441019;68;10;2;1;tirsdag;18,63%;68;1;11;10;;1971-03-09;;;
1971-03-10;1971;3;10;2441020;69;10;3;2;onsdag;18,90%;69;2;11;10;;1971-03-10;;;
1971-03-11;1971;3;11;2441021;70;10;4;3;torsdag;19,18%;70;3;11;10;;1971-03-11;;;
1971-03-12;1971;3;12;2441022;71;10;5;4;fredag;19,45%;71;4;11;10;;1971-03-12;;;
1971-03-13;1971;3;13;2441023;72;10;6;5;lørdag;19,73%;72;5;11;10;;1971-03-13;;;
1971-03-14;1971;3;14;2441024;73;10;7;6;søndag;20,00%;73;6;12;10;;1971-03-14;;;
1971-03-15;1971;3;15;2441025;74;11;1;0;mandag;20,27%;74;0;12;11;;1971-03-15;;;
1971-03-16;1971;3;16;2441026;75;11;2;1;tirsdag;20,55%;75;1;12;11;;1971-03-16;;;
1971-03-17;1971;3;17;2441027;76;11;3;2;onsdag;20,82%;76;2;12;11;;1971-03-17;;;
1971-03-18;1971;3;18;2441028;77;11;4;3;torsdag;21,10%;77;3;12;11;;1971-03-18;;;
1971-03-19;1971;3;19;2441029;78;11;5;4;fredag;21,37%;78;4;12;11;;1971-03-19;;;
1971-03-20;1971;3;20;2441030;79;11;6;5;lørdag;21,64%;79;5;12;11;;1971-03-20;;;
1971-03-21;1971;3;21;2441031;80;11;7;6;søndag;21,92%;80;6;13;11;;1971-03-21;;;
1971-03-22;1971;3;22;2441032;81;12;1;0;mandag;22,19%;81;0;13;12;;1971-03-22;;;
1971-03-23;1971;3;23;2441033;82;12;2;1;tirsdag;22,47%;82;1;13;12;;1971-03-23;;;
1971-03-24;1971;3;24;2441034;83;12;3;2;onsdag;22,74%;83;2;13;12;;1971-03-24;;;
1971-03-25;1971;3;25;2441035;84;12;4;3;torsdag;23,01%;84;3;13;12;;1971-03-25;;;
1971-03-26;1971;3;26;2441036;85;12;5;4;fredag;23,29%;85;4;13;12;;1971-03-26;;;
1971-03-27;1971;3;27;2441037;86;12;6;5;lørdag;23,56%;86;5;13;12;;1971-03-27;;;
1971-03-28;1971;3;28;2441038;87;12;7;6;søndag;23,84%;87;6;14;12;;1971-03-28;;;
1971-03-29;1971;3;29;2441039;88;13;1;0;mandag;24,11%;88;0;14;13;;1971-03-29;;;
1971-03-30;1971;3;30;2441040;89;13;2;1;tirsdag;24,38%;89;1;14;13;;1971-03-30;;;
1971-03-31;1971;3;31;2441041;90;13;3;2;onsdag;24,66%;90;2;14;13;;1971-03-31;;;
1971-04-01;1971;4;1;2441042;91;13;4;3;torsdag;24,93%;91;3;14;13;;1971-04-01;;;
1971-04-02;1971;4;2;2441043;92;13;5;4;fredag;25,21%;92;4;14;13;;1971-04-02;;;
1971-04-03;1971;4;3;2441044;93;13;6;5;lørdag;25,48%;93;5;14;13;;1971-04-03;;;
1971-04-04;1971;4;4;2441045;94;13;7;6;søndag;25,75%;94;6;15;13;;1971-04-04;;;
1971-04-05;1971;4;5;2441046;95;14;1;0;mandag;26,03%;95;0;15;14;;1971-04-05;;;
1971-04-06;1971;4;6;2441047;96;14;2;1;tirsdag;26,30%;96;1;15;14;;1971-04-06;;;
1971-04-07;1971;4;7;2441048;97;14;3;2;onsdag;26,58%;97;2;15;14;;1971-04-07;;;
1971-04-08;1971;4;8;2441049;98;14;4;3;torsdag;26,85%;98;3;15;14;;1971-04-08;;;
1971-04-09;1971;4;9;2441050;99;14;5;4;fredag;27,12%;99;4;15;14;;1971-04-09;;;
1971-04-10;1971;4;10;2441051;100;14;6;5;lørdag;27,40%;100;5;15;14;;1971-04-10;;;
1971-04-11;1971;4;11;2441052;101;14;7;6;søndag;27,67%;101;6;16;14;;1971-04-11;;;
1971-04-12;1971;4;12;2441053;102;15;1;0;mandag;27,95%;102;0;16;15;;1971-04-12;;;
1971-04-13;1971;4;13;2441054;103;15;2;1;tirsdag;28,22%;103;1;16;15;;1971-04-13;;;
1971-04-14;1971;4;14;2441055;104;15;3;2;onsdag;28,49%;104;2;16;15;;1971-04-14;;;
1971-04-15;1971;4;15;2441056;105;15;4;3;torsdag;28,77%;105;3;16;15;;1971-04-15;;;
1971-04-16;1971;4;16;2441057;106;15;5;4;fredag;29,04%;106;4;16;15;;1971-04-16;;;
1971-04-17;1971;4;17;2441058;107;15;6;5;lørdag;29,32%;107;5;16;15;;1971-04-17;;;
1971-04-18;1971;4;18;2441059;108;15;7;6;søndag;29,59%;108;6;17;15;;1971-04-18;;;
1971-04-19;1971;4;19;2441060;109;16;1;0;mandag;29,86%;109;0;17;16;;1971-04-19;;;
1971-04-20;1971;4;20;2441061;110;16;2;1;tirsdag;30,14%;110;1;17;16;;1971-04-20;;;
1971-04-21;1971;4;21;2441062;111;16;3;2;onsdag;30,41%;111;2;17;16;;1971-04-21;;;
1971-04-22;1971;4;22;2441063;112;16;4;3;torsdag;30,68%;112;3;17;16;;1971-04-22;;;
1971-04-23;1971;4;23;2441064;113;16;5;4;fredag;30,96%;113;4;17;16;;1971-04-23;;;
1971-04-24;1971;4;24;2441065;114;16;6;5;lørdag;31,23%;114;5;17;16;;1971-04-24;;;
1971-04-25;1971;4;25;2441066;115;16;7;6;søndag;31,51%;115;6;18;16;;1971-04-25;;;
1971-04-26;1971;4;26;2441067;116;17;1;0;mandag;31,78%;116;0;18;17;;1971-04-26;;;
1971-04-27;1971;4;27;2441068;117;17;2;1;tirsdag;32,05%;117;1;18;17;;1971-04-27;;;
1971-04-28;1971;4;28;2441069;118;17;3;2;onsdag;32,33%;118;2;18;17;;1971-04-28;;;
1971-04-29;1971;4;29;2441070;119;17;4;3;torsdag;32,60%;119;3;18;17;;1971-04-29;;;
1971-04-30;1971;4;30;2441071;120;17;5;4;fredag;32,88%;120;4;18;17;;1971-04-30;;;
1971-05-01;1971;5;1;2441072;121;17;6;5;lørdag;33,15%;121;5;18;17;;1971-05-01;;;
1971-05-02;1971;5;2;2441073;122;17;7;6;søndag;33,42%;122;6;19;17;;1971-05-02;;;
1971-05-03;1971;5;3;2441074;123;18;1;0;mandag;33,70%;123;0;19;18;;1971-05-03;;;
1971-05-04;1971;5;4;2441075;124;18;2;1;tirsdag;33,97%;124;1;19;18;;1971-05-04;;;
1971-05-05;1971;5;5;2441076;125;18;3;2;onsdag;34,25%;125;2;19;18;;1971-05-05;;;
1971-05-06;1971;5;6;2441077;126;18;4;3;torsdag;34,52%;126;3;19;18;;1971-05-06;;;
1971-05-07;1971;5;7;2441078;127;18;5;4;fredag;34,79%;127;4;19;18;;1971-05-07;;;
1971-05-08;1971;5;8;2441079;128;18;6;5;lørdag;35,07%;128;5;19;18;;1971-05-08;;;
1971-05-09;1971;5;9;2441080;129;18;7;6;søndag;35,34%;129;6;20;18;;1971-05-09;;;
1971-05-10;1971;5;10;2441081;130;19;1;0;mandag;35,62%;130;0;20;19;;1971-05-10;;;
1971-05-11;1971;5;11;2441082;131;19;2;1;tirsdag;35,89%;131;1;20;19;;1971-05-11;;;
1971-05-12;1971;5;12;2441083;132;19;3;2;onsdag;36,16%;132;2;20;19;;1971-05-12;;;
1971-05-13;1971;5;13;2441084;133;19;4;3;torsdag;36,44%;133;3;20;19;;1971-05-13;;;
1971-05-14;1971;5;14;2441085;134;19;5;4;fredag;36,71%;134;4;20;19;;1971-05-14;;;
1971-05-15;1971;5;15;2441086;135;19;6;5;lørdag;36,99%;135;5;20;19;;1971-05-15;;;
1971-05-16;1971;5;16;2441087;136;19;7;6;søndag;37,26%;136;6;21;19;;1971-05-16;;;
1971-05-17;1971;5;17;2441088;137;20;1;0;mandag;37,53%;137;0;21;20;;1971-05-17;;;
1971-05-18;1971;5;18;2441089;138;20;2;1;tirsdag;37,81%;138;1;21;20;;1971-05-18;;;
1971-05-19;1971;5;19;2441090;139;20;3;2;onsdag;38,08%;139;2;21;20;;1971-05-19;;;
1971-05-20;1971;5;20;2441091;140;20;4;3;torsdag;38,36%;140;3;21;20;;1971-05-20;;;
1971-05-21;1971;5;21;2441092;141;20;5;4;fredag;38,63%;141;4;21;20;;1971-05-21;;;
1971-05-22;1971;5;22;2441093;142;20;6;5;lørdag;38,90%;142;5;21;20;;1971-05-22;;;
1971-05-23;1971;5;23;2441094;143;20;7;6;søndag;39,18%;143;6;22;20;;1971-05-23;;;
1971-05-24;1971;5;24;2441095;144;21;1;0;mandag;39,45%;144;0;22;21;;1971-05-24;;;
1971-05-25;1971;5;25;2441096;145;21;2;1;tirsdag;39,73%;145;1;22;21;;1971-05-25;;;
1971-05-26;1971;5;26;2441097;146;21;3;2;onsdag;40,00%;146;2;22;21;;1971-05-26;;;
1971-05-27;1971;5;27;2441098;147;21;4;3;torsdag;40,27%;147;3;22;21;;1971-05-27;;;
1971-05-28;1971;5;28;2441099;148;21;5;4;fredag;40,55%;148;4;22;21;;1971-05-28;;;
1971-05-29;1971;5;29;2441100;149;21;6;5;lørdag;40,82%;149;5;22;21;;1971-05-29;;;
1971-05-30;1971;5;30;2441101;150;21;7;6;søndag;41,10%;150;6;23;21;;1971-05-30;;;
1971-05-31;1971;5;31;2441102;151;22;1;0;mandag;41,37%;151;0;23;22;;1971-05-31;;;
1971-06-01;1971;6;1;2441103;152;22;2;1;tirsdag;41,64%;152;1;23;22;;1971-06-01;;;
1971-06-02;1971;6;2;2441104;153;22;3;2;onsdag;41,92%;153;2;23;22;;1971-06-02;;;
1971-06-03;1971;6;3;2441105;154;22;4;3;torsdag;42,19%;154;3;23;22;;1971-06-03;;;
1971-06-04;1971;6;4;2441106;155;22;5;4;fredag;42,47%;155;4;23;22;;1971-06-04;;;
1971-06-05;1971;6;5;2441107;156;22;6;5;lørdag;42,74%;156;5;23;22;;1971-06-05;;;
1971-06-06;1971;6;6;2441108;157;22;7;6;søndag;43,01%;157;6;24;22;;1971-06-06;;;
1971-06-07;1971;6;7;2441109;158;23;1;0;mandag;43,29%;158;0;24;23;;1971-06-07;;;
1971-06-08;1971;6;8;2441110;159;23;2;1;tirsdag;43,56%;159;1;24;23;;1971-06-08;;;
1971-06-09;1971;6;9;2441111;160;23;3;2;onsdag;43,84%;160;2;24;23;;1971-06-09;;;
1971-06-10;1971;6;10;2441112;161;23;4;3;torsdag;44,11%;161;3;24;23;;1971-06-10;;;
1971-06-11;1971;6;11;2441113;162;23;5;4;fredag;44,38%;162;4;24;23;;1971-06-11;;;
1971-06-12;1971;6;12;2441114;163;23;6;5;lørdag;44,66%;163;5;24;23;;1971-06-12;;;
1971-06-13;1971;6;13;2441115;164;23;7;6;søndag;44,93%;164;6;25;23;;1971-06-13;;;
1971-06-14;1971;6;14;2441116;165;24;1;0;mandag;45,21%;165;0;25;24;;1971-06-14;;;
1971-06-15;1971;6;15;2441117;166;24;2;1;tirsdag;45,48%;166;1;25;24;;1971-06-15;;;
1971-06-16;1971;6;16;2441118;167;24;3;2;onsdag;45,75%;167;2;25;24;;1971-06-16;;;
1971-06-17;1971;6;17;2441119;168;24;4;3;torsdag;46,03%;168;3;25;24;;1971-06-17;;;
1971-06-18;1971;6;18;2441120;169;24;5;4;fredag;46,30%;169;4;25;24;;1971-06-18;;;
1971-06-19;1971;6;19;2441121;170;24;6;5;lørdag;46,58%;170;5;25;24;;1971-06-19;;;
1971-06-20;1971;6;20;2441122;171;24;7;6;søndag;46,85%;171;6;26;24;;1971-06-20;;;
1971-06-21;1971;6;21;2441123;172;25;1;0;mandag;47,12%;172;0;26;25;;1971-06-21;;;
1971-06-22;1971;6;22;2441124;173;25;2;1;tirsdag;47,40%;173;1;26;25;;1971-06-22;;;
1971-06-23;1971;6;23;2441125;174;25;3;2;onsdag;47,67%;174;2;26;25;;1971-06-23;;;
1971-06-24;1971;6;24;2441126;175;25;4;3;torsdag;47,95%;175;3;26;25;;1971-06-24;;;
1971-06-25;1971;6;25;2441127;176;25;5;4;fredag;48,22%;176;4;26;25;;1971-06-25;;;
1971-06-26;1971;6;26;2441128;177;25;6;5;lørdag;48,49%;177;5;26;25;;1971-06-26;;;
1971-06-27;1971;6;27;2441129;178;25;7;6;søndag;48,77%;178;6;27;25;;1971-06-27;;;
1971-06-28;1971;6;28;2441130;179;26;1;0;mandag;49,04%;179;0;27;26;;1971-06-28;;;
1971-06-29;1971;6;29;2441131;180;26;2;1;tirsdag;49,32%;180;1;27;26;;1971-06-29;;;
1971-06-30;1971;6;30;2441132;181;26;3;2;onsdag;49,59%;181;2;27;26;;1971-06-30;;;
1971-07-01;1971;7;1;2441133;182;26;4;3;torsdag;49,86%;182;3;27;26;;1971-07-01;;;
1971-07-02;1971;7;2;2441134;183;26;5;4;fredag;50,14%;183;4;27;26;;1971-07-02;;;
1971-07-03;1971;7;3;2441135;184;26;6;5;lørdag;50,41%;184;5;27;26;;1971-07-03;;;
1971-07-04;1971;7;4;2441136;185;26;7;6;søndag;50,68%;185;6;28;26;;1971-07-04;;;
1971-07-05;1971;7;5;2441137;186;27;1;0;mandag;50,96%;186;0;28;27;;1971-07-05;;;
1971-07-06;1971;7;6;2441138;187;27;2;1;tirsdag;51,23%;187;1;28;27;;1971-07-06;;;
1971-07-07;1971;7;7;2441139;188;27;3;2;onsdag;51,51%;188;2;28;27;;1971-07-07;;;
1971-07-08;1971;7;8;2441140;189;27;4;3;torsdag;51,78%;189;3;28;27;;1971-07-08;;;
1971-07-09;1971;7;9;2441141;190;27;5;4;fredag;52,05%;190;4;28;27;;1971-07-09;;;
1971-07-10;1971;7;10;2441142;191;27;6;5;lørdag;52,33%;191;5;28;27;;1971-07-10;;;
1971-07-11;1971;7;11;2441143;192;27;7;6;søndag;52,60%;192;6;29;27;;1971-07-11;;;
1971-07-12;1971;7;12;2441144;193;28;1;0;mandag;52,88%;193;0;29;28;;1971-07-12;;;
1971-07-13;1971;7;13;2441145;194;28;2;1;tirsdag;53,15%;194;1;29;28;;1971-07-13;;;
1971-07-14;1971;7;14;2441146;195;28;3;2;onsdag;53,42%;195;2;29;28;;1971-07-14;;;
1971-07-15;1971;7;15;2441147;196;28;4;3;torsdag;53,70%;196;3;29;28;;1971-07-15;;;
1971-07-16;1971;7;16;2441148;197;28;5;4;fredag;53,97%;197;4;29;28;;1971-07-16;;;
1971-07-17;1971;7;17;2441149;198;28;6;5;lørdag;54,25%;198;5;29;28;;1971-07-17;;;
1971-07-18;1971;7;18;2441150;199;28;7;6;søndag;54,52%;199;6;30;28;;1971-07-18;;;
1971-07-19;1971;7;19;2441151;200;29;1;0;mandag;54,79%;200;0;30;29;;1971-07-19;;;
1971-07-20;1971;7;20;2441152;201;29;2;1;tirsdag;55,07%;201;1;30;29;;1971-07-20;;;
1971-07-21;1971;7;21;2441153;202;29;3;2;onsdag;55,34%;202;2;30;29;;1971-07-21;;;
1971-07-22;1971;7;22;2441154;203;29;4;3;torsdag;55,62%;203;3;30;29;;1971-07-22;;;
1971-07-23;1971;7;23;2441155;204;29;5;4;fredag;55,89%;204;4;30;29;;1971-07-23;;;
1971-07-24;1971;7;24;2441156;205;29;6;5;lørdag;56,16%;205;5;30;29;;1971-07-24;;;
1971-07-25;1971;7;25;2441157;206;29;7;6;søndag;56,44%;206;6;31;29;;1971-07-25;;;
1971-07-26;1971;7;26;2441158;207;30;1;0;mandag;56,71%;207;0;31;30;;1971-07-26;;;
1971-07-27;1971;7;27;2441159;208;30;2;1;tirsdag;56,99%;208;1;31;30;;1971-07-27;;;
1971-07-28;1971;7;28;2441160;209;30;3;2;onsdag;57,26%;209;2;31;30;;1971-07-28;;;
1971-07-29;1971;7;29;2441161;210;30;4;3;torsdag;57,53%;210;3;31;30;;1971-07-29;;;
1971-07-30;1971;7;30;2441162;211;30;5;4;fredag;57,81%;211;4;31;30;;1971-07-30;;;
1971-07-31;1971;7;31;2441163;212;30;6;5;lørdag;58,08%;212;5;31;30;;1971-07-31;;;
1971-08-01;1971;8;1;2441164;213;30;7;6;søndag;58,36%;213;6;32;30;;1971-08-01;;;
1971-08-02;1971;8;2;2441165;214;31;1;0;mandag;58,63%;214;0;32;31;;1971-08-02;;;
1971-08-03;1971;8;3;2441166;215;31;2;1;tirsdag;58,90%;215;1;32;31;;1971-08-03;;;
1971-08-04;1971;8;4;2441167;216;31;3;2;onsdag;59,18%;216;2;32;31;;1971-08-04;;;
1971-08-05;1971;8;5;2441168;217;31;4;3;torsdag;59,45%;217;3;32;31;;1971-08-05;;;
1971-08-06;1971;8;6;2441169;218;31;5;4;fredag;59,73%;218;4;32;31;;1971-08-06;;;
1971-08-07;1971;8;7;2441170;219;31;6;5;lørdag;60,00%;219;5;32;31;;1971-08-07;;;
1971-08-08;1971;8;8;2441171;220;31;7;6;søndag;60,27%;220;6;33;31;;1971-08-08;;;
1971-08-09;1971;8;9;2441172;221;32;1;0;mandag;60,55%;221;0;33;32;;1971-08-09;;;
1971-08-10;1971;8;10;2441173;222;32;2;1;tirsdag;60,82%;222;1;33;32;;1971-08-10;;;
1971-08-11;1971;8;11;2441174;223;32;3;2;onsdag;61,10%;223;2;33;32;;1971-08-11;;;
1971-08-12;1971;8;12;2441175;224;32;4;3;torsdag;61,37%;224;3;33;32;;1971-08-12;;;
1971-08-13;1971;8;13;2441176;225;32;5;4;fredag;61,64%;225;4;33;32;;1971-08-13;;;
1971-08-14;1971;8;14;2441177;226;32;6;5;lørdag;61,92%;226;5;33;32;;1971-08-14;;;
1971-08-15;1971;8;15;2441178;227;32;7;6;søndag;62,19%;227;6;34;32;;1971-08-15;;;
1971-08-16;1971;8;16;2441179;228;33;1;0;mandag;62,47%;228;0;34;33;;1971-08-16;;;
1971-08-17;1971;8;17;2441180;229;33;2;1;tirsdag;62,74%;229;1;34;33;;1971-08-17;;;
1971-08-18;1971;8;18;2441181;230;33;3;2;onsdag;63,01%;230;2;34;33;;1971-08-18;;;
1971-08-19;1971;8;19;2441182;231;33;4;3;torsdag;63,29%;231;3;34;33;;1971-08-19;;;
1971-08-20;1971;8;20;2441183;232;33;5;4;fredag;63,56%;232;4;34;33;;1971-08-20;;;
1971-08-21;1971;8;21;2441184;233;33;6;5;lørdag;63,84%;233;5;34;33;;1971-08-21;;;
1971-08-22;1971;8;22;2441185;234;33;7;6;søndag;64,11%;234;6;35;33;;1971-08-22;;;
1971-08-23;1971;8;23;2441186;235;34;1;0;mandag;64,38%;235;0;35;34;;1971-08-23;;;
1971-08-24;1971;8;24;2441187;236;34;2;1;tirsdag;64,66%;236;1;35;34;;1971-08-24;;;
1971-08-25;1971;8;25;2441188;237;34;3;2;onsdag;64,93%;237;2;35;34;;1971-08-25;;;
1971-08-26;1971;8;26;2441189;238;34;4;3;torsdag;65,21%;238;3;35;34;;1971-08-26;;;
1971-08-27;1971;8;27;2441190;239;34;5;4;fredag;65,48%;239;4;35;34;;1971-08-27;;;
1971-08-28;1971;8;28;2441191;240;34;6;5;lørdag;65,75%;240;5;35;34;;1971-08-28;;;
1971-08-29;1971;8;29;2441192;241;34;7;6;søndag;66,03%;241;6;36;34;;1971-08-29;;;
1971-08-30;1971;8;30;2441193;242;35;1;0;mandag;66,30%;242;0;36;35;;1971-08-30;;;
1971-08-31;1971;8;31;2441194;243;35;2;1;tirsdag;66,58%;243;1;36;35;;1971-08-31;;;
1971-09-01;1971;9;1;2441195;244;35;3;2;onsdag;66,85%;244;2;36;35;;1971-09-01;;;
1971-09-02;1971;9;2;2441196;245;35;4;3;torsdag;67,12%;245;3;36;35;;1971-09-02;;;
1971-09-03;1971;9;3;2441197;246;35;5;4;fredag;67,40%;246;4;36;35;;1971-09-03;;;
1971-09-04;1971;9;4;2441198;247;35;6;5;lørdag;67,67%;247;5;36;35;;1971-09-04;;;
1971-09-05;1971;9;5;2441199;248;35;7;6;søndag;67,95%;248;6;37;35;;1971-09-05;;;
1971-09-06;1971;9;6;2441200;249;36;1;0;mandag;68,22%;249;0;37;36;;1971-09-06;;;
1971-09-07;1971;9;7;2441201;250;36;2;1;tirsdag;68,49%;250;1;37;36;;1971-09-07;;;
1971-09-08;1971;9;8;2441202;251;36;3;2;onsdag;68,77%;251;2;37;36;;1971-09-08;;;
1971-09-09;1971;9;9;2441203;252;36;4;3;torsdag;69,04%;252;3;37;36;;1971-09-09;;;
1971-09-10;1971;9;10;2441204;253;36;5;4;fredag;69,32%;253;4;37;36;;1971-09-10;;;
1971-09-11;1971;9;11;2441205;254;36;6;5;lørdag;69,59%;254;5;37;36;;1971-09-11;;;
1971-09-12;1971;9;12;2441206;255;36;7;6;søndag;69,86%;255;6;38;36;;1971-09-12;;;
1971-09-13;1971;9;13;2441207;256;37;1;0;mandag;70,14%;256;0;38;37;;1971-09-13;;;
1971-09-14;1971;9;14;2441208;257;37;2;1;tirsdag;70,41%;257;1;38;37;;1971-09-14;;;
1971-09-15;1971;9;15;2441209;258;37;3;2;onsdag;70,68%;258;2;38;37;;1971-09-15;;;
1971-09-16;1971;9;16;2441210;259;37;4;3;torsdag;70,96%;259;3;38;37;;1971-09-16;;;
1971-09-17;1971;9;17;2441211;260;37;5;4;fredag;71,23%;260;4;38;37;;1971-09-17;;;
1971-09-18;1971;9;18;2441212;261;37;6;5;lørdag;71,51%;261;5;38;37;;1971-09-18;;;
1971-09-19;1971;9;19;2441213;262;37;7;6;søndag;71,78%;262;6;39;37;;1971-09-19;;;
1971-09-20;1971;9;20;2441214;263;38;1;0;mandag;72,05%;263;0;39;38;;1971-09-20;;;
1971-09-21;1971;9;21;2441215;264;38;2;1;tirsdag;72,33%;264;1;39;38;;1971-09-21;;;
1971-09-22;1971;9;22;2441216;265;38;3;2;onsdag;72,60%;265;2;39;38;;1971-09-22;;;
1971-09-23;1971;9;23;2441217;266;38;4;3;torsdag;72,88%;266;3;39;38;;1971-09-23;;;
1971-09-24;1971;9;24;2441218;267;38;5;4;fredag;73,15%;267;4;39;38;;1971-09-24;;;
1971-09-25;1971;9;25;2441219;268;38;6;5;lørdag;73,42%;268;5;39;38;;1971-09-25;;;
1971-09-26;1971;9;26;2441220;269;38;7;6;søndag;73,70%;269;6;40;38;;1971-09-26;;;
1971-09-27;1971;9;27;2441221;270;39;1;0;mandag;73,97%;270;0;40;39;;1971-09-27;;;
1971-09-28;1971;9;28;2441222;271;39;2;1;tirsdag;74,25%;271;1;40;39;;1971-09-28;;;
1971-09-29;1971;9;29;2441223;272;39;3;2;onsdag;74,52%;272;2;40;39;;1971-09-29;;;
1971-09-30;1971;9;30;2441224;273;39;4;3;torsdag;74,79%;273;3;40;39;;1971-09-30;;;
1971-10-01;1971;10;1;2441225;274;39;5;4;fredag;75,07%;274;4;40;39;;1971-10-01;;;
1971-10-02;1971;10;2;2441226;275;39;6;5;lørdag;75,34%;275;5;40;39;;1971-10-02;;;
1971-10-03;1971;10;3;2441227;276;39;7;6;søndag;75,62%;276;6;41;39;;1971-10-03;;;
1971-10-04;1971;10;4;2441228;277;40;1;0;mandag;75,89%;277;0;41;40;;1971-10-04;;;
1971-10-05;1971;10;5;2441229;278;40;2;1;tirsdag;76,16%;278;1;41;40;;1971-10-05;;;
1971-10-06;1971;10;6;2441230;279;40;3;2;onsdag;76,44%;279;2;41;40;;1971-10-06;;;
1971-10-07;1971;10;7;2441231;280;40;4;3;torsdag;76,71%;280;3;41;40;;1971-10-07;;;
1971-10-08;1971;10;8;2441232;281;40;5;4;fredag;76,99%;281;4;41;40;;1971-10-08;;;
1971-10-09;1971;10;9;2441233;282;40;6;5;lørdag;77,26%;282;5;41;40;;1971-10-09;;;
1971-10-10;1971;10;10;2441234;283;40;7;6;søndag;77,53%;283;6;42;40;;1971-10-10;;;
1971-10-11;1971;10;11;2441235;284;41;1;0;mandag;77,81%;284;0;42;41;;1971-10-11;;;
1971-10-12;1971;10;12;2441236;285;41;2;1;tirsdag;78,08%;285;1;42;41;;1971-10-12;;;
1971-10-13;1971;10;13;2441237;286;41;3;2;onsdag;78,36%;286;2;42;41;;1971-10-13;;;
1971-10-14;1971;10;14;2441238;287;41;4;3;torsdag;78,63%;287;3;42;41;;1971-10-14;;;
1971-10-15;1971;10;15;2441239;288;41;5;4;fredag;78,90%;288;4;42;41;;1971-10-15;;;
1971-10-16;1971;10;16;2441240;289;41;6;5;lørdag;79,18%;289;5;42;41;;1971-10-16;;;
1971-10-17;1971;10;17;2441241;290;41;7;6;søndag;79,45%;290;6;43;41;;1971-10-17;;;
1971-10-18;1971;10;18;2441242;291;42;1;0;mandag;79,73%;291;0;43;42;;1971-10-18;;;
1971-10-19;1971;10;19;2441243;292;42;2;1;tirsdag;80,00%;292;1;43;42;;1971-10-19;;;
1971-10-20;1971;10;20;2441244;293;42;3;2;onsdag;80,27%;293;2;43;42;;1971-10-20;;;
1971-10-21;1971;10;21;2441245;294;42;4;3;torsdag;80,55%;294;3;43;42;;1971-10-21;;;
1971-10-22;1971;10;22;2441246;295;42;5;4;fredag;80,82%;295;4;43;42;;1971-10-22;;;
1971-10-23;1971;10;23;2441247;296;42;6;5;lørdag;81,10%;296;5;43;42;;1971-10-23;;;
1971-10-24;1971;10;24;2441248;297;42;7;6;søndag;81,37%;297;6;44;42;;1971-10-24;;;
1971-10-25;1971;10;25;2441249;298;43;1;0;mandag;81,64%;298;0;44;43;;1971-10-25;;;
1971-10-26;1971;10;26;2441250;299;43;2;1;tirsdag;81,92%;299;1;44;43;;1971-10-26;;;
1971-10-27;1971;10;27;2441251;300;43;3;2;onsdag;82,19%;300;2;44;43;;1971-10-27;;;
1971-10-28;1971;10;28;2441252;301;43;4;3;torsdag;82,47%;301;3;44;43;;1971-10-28;;;
1971-10-29;1971;10;29;2441253;302;43;5;4;fredag;82,74%;302;4;44;43;;1971-10-29;;;
1971-10-30;1971;10;30;2441254;303;43;6;5;lørdag;83,01%;303;5;44;43;;1971-10-30;;;
1971-10-31;1971;10;31;2441255;304;43;7;6;søndag;83,29%;304;6;45;43;;1971-10-31;;;
1971-11-01;1971;11;1;2441256;305;44;1;0;mandag;83,56%;305;0;45;44;;1971-11-01;;;
1971-11-02;1971;11;2;2441257;306;44;2;1;tirsdag;83,84%;306;1;45;44;;1971-11-02;;;
1971-11-03;1971;11;3;2441258;307;44;3;2;onsdag;84,11%;307;2;45;44;;1971-11-03;;;
1971-11-04;1971;11;4;2441259;308;44;4;3;torsdag;84,38%;308;3;45;44;;1971-11-04;;;
1971-11-05;1971;11;5;2441260;309;44;5;4;fredag;84,66%;309;4;45;44;;1971-11-05;;;
1971-11-06;1971;11;6;2441261;310;44;6;5;lørdag;84,93%;310;5;45;44;;1971-11-06;;;
1971-11-07;1971;11;7;2441262;311;44;7;6;søndag;85,21%;311;6;46;44;;1971-11-07;;;
1971-11-08;1971;11;8;2441263;312;45;1;0;mandag;85,48%;312;0;46;45;;1971-11-08;;;
1971-11-09;1971;11;9;2441264;313;45;2;1;tirsdag;85,75%;313;1;46;45;;1971-11-09;;;
1971-11-10;1971;11;10;2441265;314;45;3;2;onsdag;86,03%;314;2;46;45;;1971-11-10;;;
1971-11-11;1971;11;11;2441266;315;45;4;3;torsdag;86,30%;315;3;46;45;;1971-11-11;;;
1971-11-12;1971;11;12;2441267;316;45;5;4;fredag;86,58%;316;4;46;45;;1971-11-12;;;
1971-11-13;1971;11;13;2441268;317;45;6;5;lørdag;86,85%;317;5;46;45;;1971-11-13;;;
1971-11-14;1971;11;14;2441269;318;45;7;6;søndag;87,12%;318;6;47;45;;1971-11-14;;;
1971-11-15;1971;11;15;2441270;319;46;1;0;mandag;87,40%;319;0;47;46;;1971-11-15;;;
1971-11-16;1971;11;16;2441271;320;46;2;1;tirsdag;87,67%;320;1;47;46;;1971-11-16;;;
1971-11-17;1971;11;17;2441272;321;46;3;2;onsdag;87,95%;321;2;47;46;;1971-11-17;;;
1971-11-18;1971;11;18;2441273;322;46;4;3;torsdag;88,22%;322;3;47;46;;1971-11-18;;;
1971-11-19;1971;11;19;2441274;323;46;5;4;fredag;88,49%;323;4;47;46;;1971-11-19;;;
1971-11-20;1971;11;20;2441275;324;46;6;5;lørdag;88,77%;324;5;47;46;;1971-11-20;;;
1971-11-21;1971;11;21;2441276;325;46;7;6;søndag;89,04%;325;6;48;46;;1971-11-21;;;
1971-11-22;1971;11;22;2441277;326;47;1;0;mandag;89,32%;326;0;48;47;;1971-11-22;;;
1971-11-23;1971;11;23;2441278;327;47;2;1;tirsdag;89,59%;327;1;48;47;;1971-11-23;;;
1971-11-24;1971;11;24;2441279;328;47;3;2;onsdag;89,86%;328;2;48;47;;1971-11-24;;;
1971-11-25;1971;11;25;2441280;329;47;4;3;torsdag;90,14%;329;3;48;47;;1971-11-25;;;
1971-11-26;1971;11;26;2441281;330;47;5;4;fredag;90,41%;330;4;48;47;;1971-11-26;;;
1971-11-27;1971;11;27;2441282;331;47;6;5;lørdag;90,68%;331;5;48;47;;1971-11-27;;;
1971-11-28;1971;11;28;2441283;332;47;7;6;søndag;90,96%;332;6;49;47;;1971-11-28;;;
1971-11-29;1971;11;29;2441284;333;48;1;0;mandag;91,23%;333;0;49;48;;1971-11-29;;;
1971-11-30;1971;11;30;2441285;334;48;2;1;tirsdag;91,51%;334;1;49;48;;1971-11-30;;;
1971-12-01;1971;12;1;2441286;335;48;3;2;onsdag;91,78%;335;2;49;48;;1971-12-01;;;
1971-12-02;1971;12;2;2441287;336;48;4;3;torsdag;92,05%;336;3;49;48;;1971-12-02;;;
1971-12-03;1971;12;3;2441288;337;48;5;4;fredag;92,33%;337;4;49;48;;1971-12-03;;;
1971-12-04;1971;12;4;2441289;338;48;6;5;lørdag;92,60%;338;5;49;48;;1971-12-04;;;
1971-12-05;1971;12;5;2441290;339;48;7;6;søndag;92,88%;339;6;50;48;;1971-12-05;;;
1971-12-06;1971;12;6;2441291;340;49;1;0;mandag;93,15%;340;0;50;49;;1971-12-06;;;
1971-12-07;1971;12;7;2441292;341;49;2;1;tirsdag;93,42%;341;1;50;49;;1971-12-07;;;
1971-12-08;1971;12;8;2441293;342;49;3;2;onsdag;93,70%;342;2;50;49;;1971-12-08;;;
1971-12-09;1971;12;9;2441294;343;49;4;3;torsdag;93,97%;343;3;50;49;;1971-12-09;;;
1971-12-10;1971;12;10;2441295;344;49;5;4;fredag;94,25%;344;4;50;49;;1971-12-10;;;
1971-12-11;1971;12;11;2441296;345;49;6;5;lørdag;94,52%;345;5;50;49;;1971-12-11;;;
1971-12-12;1971;12;12;2441297;346;49;7;6;søndag;94,79%;346;6;51;49;;1971-12-12;;;
1971-12-13;1971;12;13;2441298;347;50;1;0;mandag;95,07%;347;0;51;50;;1971-12-13;;;
1971-12-14;1971;12;14;2441299;348;50;2;1;tirsdag;95,34%;348;1;51;50;;1971-12-14;;;
1971-12-15;1971;12;15;2441300;349;50;3;2;onsdag;95,62%;349;2;51;50;;1971-12-15;;;
1971-12-16;1971;12;16;2441301;350;50;4;3;torsdag;95,89%;350;3;51;50;;1971-12-16;;;
1971-12-17;1971;12;17;2441302;351;50;5;4;fredag;96,16%;351;4;51;50;;1971-12-17;;;
1971-12-18;1971;12;18;2441303;352;50;6;5;lørdag;96,44%;352;5;51;50;;1971-12-18;;;
1971-12-19;1971;12;19;2441304;353;50;7;6;søndag;96,71%;353;6;52;50;;1971-12-19;;;
1971-12-20;1971;12;20;2441305;354;51;1;0;mandag;96,99%;354;0;52;51;;1971-12-20;;;
1971-12-21;1971;12;21;2441306;355;51;2;1;tirsdag;97,26%;355;1;52;51;;1971-12-21;;;
1971-12-22;1971;12;22;2441307;356;51;3;2;onsdag;97,53%;356;2;52;51;;1971-12-22;;;
1971-12-23;1971;12;23;2441308;357;51;4;3;torsdag;97,81%;357;3;52;51;;1971-12-23;;;
1971-12-24;1971;12;24;2441309;358;51;5;4;fredag;98,08%;358;4;52;51;;1971-12-24;;;
1971-12-25;1971;12;25;2441310;359;51;6;5;lørdag;98,36%;359;5;52;51;;1971-12-25;;;
1971-12-26;1971;12;26;2441311;360;51;7;6;søndag;98,63%;360;6;53;51;;1971-12-26;;;
1971-12-27;1971;12;27;2441312;361;52;1;0;mandag;98,90%;361;0;53;52;;1971-12-27;;;
1971-12-28;1971;12;28;2441313;362;52;2;1;tirsdag;99,18%;362;1;53;52;;1971-12-28;;;
1971-12-29;1971;12;29;2441314;363;52;3;2;onsdag;99,45%;363;2;53;52;;1971-12-29;;;
1971-12-30;1971;12;30;2441315;364;52;4;3;torsdag;99,73%;364;3;53;52;;1971-12-30;;;
1971-12-31;1971;12;31;2441316;365;52;5;4;fredag;100,00%;365;4;53;52;;1971-12-31;;;
1972-01-01;1972;1;1;2441317;1;52;6;5;lørdag;0,27%;1;5;1;52;;1972-01-01;;;
1972-01-02;1972;1;2;2441318;2;52;7;6;søndag;0,55%;2;6;2;52;;1972-01-02;;;
1972-01-03;1972;1;3;2441319;3;1;1;0;mandag;0,82%;3;0;2;1;;1972-01-03;;;
1972-01-04;1972;1;4;2441320;4;1;2;1;tirsdag;1,09%;4;1;2;1;;1972-01-04;;;
1972-01-05;1972;1;5;2441321;5;1;3;2;onsdag;1,37%;5;2;2;1;;1972-01-05;;;
1972-01-06;1972;1;6;2441322;6;1;4;3;torsdag;1,64%;6;3;2;1;;1972-01-06;;;
1972-01-07;1972;1;7;2441323;7;1;5;4;fredag;1,91%;7;4;2;1;;1972-01-07;;;
1972-01-08;1972;1;8;2441324;8;1;6;5;lørdag;2,19%;8;5;2;1;;1972-01-08;;;
1972-01-09;1972;1;9;2441325;9;1;7;6;søndag;2,46%;9;6;3;1;;1972-01-09;;;
1972-01-10;1972;1;10;2441326;10;2;1;0;mandag;2,73%;10;0;3;2;;1972-01-10;;;
1972-01-11;1972;1;11;2441327;11;2;2;1;tirsdag;3,01%;11;1;3;2;;1972-01-11;;;
1972-01-12;1972;1;12;2441328;12;2;3;2;onsdag;3,28%;12;2;3;2;;1972-01-12;;;
1972-01-13;1972;1;13;2441329;13;2;4;3;torsdag;3,55%;13;3;3;2;;1972-01-13;;;
1972-01-14;1972;1;14;2441330;14;2;5;4;fredag;3,83%;14;4;3;2;;1972-01-14;;;
1972-01-15;1972;1;15;2441331;15;2;6;5;lørdag;4,10%;15;5;3;2;;1972-01-15;;;
1972-01-16;1972;1;16;2441332;16;2;7;6;søndag;4,37%;16;6;4;2;;1972-01-16;;;
1972-01-17;1972;1;17;2441333;17;3;1;0;mandag;4,64%;17;0;4;3;;1972-01-17;;;
1972-01-18;1972;1;18;2441334;18;3;2;1;tirsdag;4,92%;18;1;4;3;;1972-01-18;;;
1972-01-19;1972;1;19;2441335;19;3;3;2;onsdag;5,19%;19;2;4;3;;1972-01-19;;;
1972-01-20;1972;1;20;2441336;20;3;4;3;torsdag;5,46%;20;3;4;3;;1972-01-20;;;
1972-01-21;1972;1;21;2441337;21;3;5;4;fredag;5,74%;21;4;4;3;;1972-01-21;;;
1972-01-22;1972;1;22;2441338;22;3;6;5;lørdag;6,01%;22;5;4;3;;1972-01-22;;;
1972-01-23;1972;1;23;2441339;23;3;7;6;søndag;6,28%;23;6;5;3;;1972-01-23;;;
1972-01-24;1972;1;24;2441340;24;4;1;0;mandag;6,56%;24;0;5;4;;1972-01-24;;;
1972-01-25;1972;1;25;2441341;25;4;2;1;tirsdag;6,83%;25;1;5;4;;1972-01-25;;;
1972-01-26;1972;1;26;2441342;26;4;3;2;onsdag;7,10%;26;2;5;4;;1972-01-26;;;
1972-01-27;1972;1;27;2441343;27;4;4;3;torsdag;7,38%;27;3;5;4;;1972-01-27;;;
1972-01-28;1972;1;28;2441344;28;4;5;4;fredag;7,65%;28;4;5;4;;1972-01-28;;;
1972-01-29;1972;1;29;2441345;29;4;6;5;lørdag;7,92%;29;5;5;4;;1972-01-29;;;
1972-01-30;1972;1;30;2441346;30;4;7;6;søndag;8,20%;30;6;6;4;;1972-01-30;;;
1972-01-31;1972;1;31;2441347;31;5;1;0;mandag;8,47%;31;0;6;5;;1972-01-31;;;
1972-02-01;1972;2;1;2441348;32;5;2;1;tirsdag;8,74%;32;1;6;5;;1972-02-01;;;
1972-02-02;1972;2;2;2441349;33;5;3;2;onsdag;9,02%;33;2;6;5;;1972-02-02;;;
1972-02-03;1972;2;3;2441350;34;5;4;3;torsdag;9,29%;34;3;6;5;;1972-02-03;;;
1972-02-04;1972;2;4;2441351;35;5;5;4;fredag;9,56%;35;4;6;5;;1972-02-04;;;
1972-02-05;1972;2;5;2441352;36;5;6;5;lørdag;9,84%;36;5;6;5;;1972-02-05;;;
1972-02-06;1972;2;6;2441353;37;5;7;6;søndag;10,11%;37;6;7;5;;1972-02-06;;;
1972-02-07;1972;2;7;2441354;38;6;1;0;mandag;10,38%;38;0;7;6;;1972-02-07;;;
1972-02-08;1972;2;8;2441355;39;6;2;1;tirsdag;10,66%;39;1;7;6;;1972-02-08;;;
1972-02-09;1972;2;9;2441356;40;6;3;2;onsdag;10,93%;40;2;7;6;;1972-02-09;;;
1972-02-10;1972;2;10;2441357;41;6;4;3;torsdag;11,20%;41;3;7;6;;1972-02-10;;;
1972-02-11;1972;2;11;2441358;42;6;5;4;fredag;11,48%;42;4;7;6;;1972-02-11;;;
1972-02-12;1972;2;12;2441359;43;6;6;5;lørdag;11,75%;43;5;7;6;;1972-02-12;;;
1972-02-13;1972;2;13;2441360;44;6;7;6;søndag;12,02%;44;6;8;6;;1972-02-13;;;
1972-02-14;1972;2;14;2441361;45;7;1;0;mandag;12,30%;45;0;8;7;;1972-02-14;;;
1972-02-15;1972;2;15;2441362;46;7;2;1;tirsdag;12,57%;46;1;8;7;;1972-02-15;;;
1972-02-16;1972;2;16;2441363;47;7;3;2;onsdag;12,84%;47;2;8;7;;1972-02-16;;;
1972-02-17;1972;2;17;2441364;48;7;4;3;torsdag;13,11%;48;3;8;7;;1972-02-17;;;
1972-02-18;1972;2;18;2441365;49;7;5;4;fredag;13,39%;49;4;8;7;;1972-02-18;;;
1972-02-19;1972;2;19;2441366;50;7;6;5;lørdag;13,66%;50;5;8;7;;1972-02-19;;;
1972-02-20;1972;2;20;2441367;51;7;7;6;søndag;13,93%;51;6;9;7;;1972-02-20;;;
1972-02-21;1972;2;21;2441368;52;8;1;0;mandag;14,21%;52;0;9;8;;1972-02-21;;;
1972-02-22;1972;2;22;2441369;53;8;2;1;tirsdag;14,48%;53;1;9;8;;1972-02-22;;;
1972-02-23;1972;2;23;2441370;54;8;3;2;onsdag;14,75%;54;2;9;8;;1972-02-23;;;
1972-02-24;1972;2;24;2441371;55;8;4;3;torsdag;15,03%;55;3;9;8;;1972-02-24;;;
1972-02-25;1972;2;25;2441372;56;8;5;4;fredag;15,30%;56;4;9;8;;1972-02-25;;;
1972-02-26;1972;2;26;2441373;57;8;6;5;lørdag;15,57%;57;5;9;8;;1972-02-26;;;
1972-02-27;1972;2;27;2441374;58;8;7;6;søndag;15,85%;58;6;10;8;;1972-02-27;;;
1972-02-28;1972;2;28;2441375;59;9;1;0;mandag;16,12%;59;0;10;9;;1972-02-28;;;
1972-02-29;1972;2;29;2441376;60;9;2;1;tirsdag;16,39%;60;1;10;9;;1972-02-29;;;
1972-03-01;1972;3;1;2441377;61;9;3;2;onsdag;16,67%;61;2;10;9;;1972-03-01;;;
1972-03-02;1972;3;2;2441378;62;9;4;3;torsdag;16,94%;62;3;10;9;;1972-03-02;;;
1972-03-03;1972;3;3;2441379;63;9;5;4;fredag;17,21%;63;4;10;9;;1972-03-03;;;
1972-03-04;1972;3;4;2441380;64;9;6;5;lørdag;17,49%;64;5;10;9;;1972-03-04;;;
1972-03-05;1972;3;5;2441381;65;9;7;6;søndag;17,76%;65;6;11;9;;1972-03-05;;;
1972-03-06;1972;3;6;2441382;66;10;1;0;mandag;18,03%;66;0;11;10;;1972-03-06;;;
1972-03-07;1972;3;7;2441383;67;10;2;1;tirsdag;18,31%;67;1;11;10;;1972-03-07;;;
1972-03-08;1972;3;8;2441384;68;10;3;2;onsdag;18,58%;68;2;11;10;;1972-03-08;;;
1972-03-09;1972;3;9;2441385;69;10;4;3;torsdag;18,85%;69;3;11;10;;1972-03-09;;;
1972-03-10;1972;3;10;2441386;70;10;5;4;fredag;19,13%;70;4;11;10;;1972-03-10;;;
1972-03-11;1972;3;11;2441387;71;10;6;5;lørdag;19,40%;71;5;11;10;;1972-03-11;;;
1972-03-12;1972;3;12;2441388;72;10;7;6;søndag;19,67%;72;6;12;10;;1972-03-12;;;
1972-03-13;1972;3;13;2441389;73;11;1;0;mandag;19,95%;73;0;12;11;;1972-03-13;;;
1972-03-14;1972;3;14;2441390;74;11;2;1;tirsdag;20,22%;74;1;12;11;;1972-03-14;;;
1972-03-15;1972;3;15;2441391;75;11;3;2;onsdag;20,49%;75;2;12;11;;1972-03-15;;;
1972-03-16;1972;3;16;2441392;76;11;4;3;torsdag;20,77%;76;3;12;11;;1972-03-16;;;
1972-03-17;1972;3;17;2441393;77;11;5;4;fredag;21,04%;77;4;12;11;;1972-03-17;;;
1972-03-18;1972;3;18;2441394;78;11;6;5;lørdag;21,31%;78;5;12;11;;1972-03-18;;;
1972-03-19;1972;3;19;2441395;79;11;7;6;søndag;21,58%;79;6;13;11;;1972-03-19;;;
1972-03-20;1972;3;20;2441396;80;12;1;0;mandag;21,86%;80;0;13;12;;1972-03-20;;;
1972-03-21;1972;3;21;2441397;81;12;2;1;tirsdag;22,13%;81;1;13;12;;1972-03-21;;;
1972-03-22;1972;3;22;2441398;82;12;3;2;onsdag;22,40%;82;2;13;12;;1972-03-22;;;
1972-03-23;1972;3;23;2441399;83;12;4;3;torsdag;22,68%;83;3;13;12;;1972-03-23;;;
1972-03-24;1972;3;24;2441400;84;12;5;4;fredag;22,95%;84;4;13;12;;1972-03-24;;;
1972-03-25;1972;3;25;2441401;85;12;6;5;lørdag;23,22%;85;5;13;12;;1972-03-25;;;
1972-03-26;1972;3;26;2441402;86;12;7;6;søndag;23,50%;86;6;14;12;;1972-03-26;;;
1972-03-27;1972;3;27;2441403;87;13;1;0;mandag;23,77%;87;0;14;13;;1972-03-27;;;
1972-03-28;1972;3;28;2441404;88;13;2;1;tirsdag;24,04%;88;1;14;13;;1972-03-28;;;
1972-03-29;1972;3;29;2441405;89;13;3;2;onsdag;24,32%;89;2;14;13;;1972-03-29;;;
1972-03-30;1972;3;30;2441406;90;13;4;3;torsdag;24,59%;90;3;14;13;;1972-03-30;;;
1972-03-31;1972;3;31;2441407;91;13;5;4;fredag;24,86%;91;4;14;13;;1972-03-31;;;
1972-04-01;1972;4;1;2441408;92;13;6;5;lørdag;25,14%;92;5;14;13;;1972-04-01;;;
1972-04-02;1972;4;2;2441409;93;13;7;6;søndag;25,41%;93;6;15;13;;1972-04-02;;;
1972-04-03;1972;4;3;2441410;94;14;1;0;mandag;25,68%;94;0;15;14;;1972-04-03;;;
1972-04-04;1972;4;4;2441411;95;14;2;1;tirsdag;25,96%;95;1;15;14;;1972-04-04;;;
1972-04-05;1972;4;5;2441412;96;14;3;2;onsdag;26,23%;96;2;15;14;;1972-04-05;;;
1972-04-06;1972;4;6;2441413;97;14;4;3;torsdag;26,50%;97;3;15;14;;1972-04-06;;;
1972-04-07;1972;4;7;2441414;98;14;5;4;fredag;26,78%;98;4;15;14;;1972-04-07;;;
1972-04-08;1972;4;8;2441415;99;14;6;5;lørdag;27,05%;99;5;15;14;;1972-04-08;;;
1972-04-09;1972;4;9;2441416;100;14;7;6;søndag;27,32%;100;6;16;14;;1972-04-09;;;
1972-04-10;1972;4;10;2441417;101;15;1;0;mandag;27,60%;101;0;16;15;;1972-04-10;;;
1972-04-11;1972;4;11;2441418;102;15;2;1;tirsdag;27,87%;102;1;16;15;;1972-04-11;;;
1972-04-12;1972;4;12;2441419;103;15;3;2;onsdag;28,14%;103;2;16;15;;1972-04-12;;;
1972-04-13;1972;4;13;2441420;104;15;4;3;torsdag;28,42%;104;3;16;15;;1972-04-13;;;
1972-04-14;1972;4;14;2441421;105;15;5;4;fredag;28,69%;105;4;16;15;;1972-04-14;;;
1972-04-15;1972;4;15;2441422;106;15;6;5;lørdag;28,96%;106;5;16;15;;1972-04-15;;;
1972-04-16;1972;4;16;2441423;107;15;7;6;søndag;29,23%;107;6;17;15;;1972-04-16;;;
1972-04-17;1972;4;17;2441424;108;16;1;0;mandag;29,51%;108;0;17;16;;1972-04-17;;;
1972-04-18;1972;4;18;2441425;109;16;2;1;tirsdag;29,78%;109;1;17;16;;1972-04-18;;;
1972-04-19;1972;4;19;2441426;110;16;3;2;onsdag;30,05%;110;2;17;16;;1972-04-19;;;
1972-04-20;1972;4;20;2441427;111;16;4;3;torsdag;30,33%;111;3;17;16;;1972-04-20;;;
1972-04-21;1972;4;21;2441428;112;16;5;4;fredag;30,60%;112;4;17;16;;1972-04-21;;;
1972-04-22;1972;4;22;2441429;113;16;6;5;lørdag;30,87%;113;5;17;16;;1972-04-22;;;
1972-04-23;1972;4;23;2441430;114;16;7;6;søndag;31,15%;114;6;18;16;;1972-04-23;;;
1972-04-24;1972;4;24;2441431;115;17;1;0;mandag;31,42%;115;0;18;17;;1972-04-24;;;
1972-04-25;1972;4;25;2441432;116;17;2;1;tirsdag;31,69%;116;1;18;17;;1972-04-25;;;
1972-04-26;1972;4;26;2441433;117;17;3;2;onsdag;31,97%;117;2;18;17;;1972-04-26;;;
1972-04-27;1972;4;27;2441434;118;17;4;3;torsdag;32,24%;118;3;18;17;;1972-04-27;;;
1972-04-28;1972;4;28;2441435;119;17;5;4;fredag;32,51%;119;4;18;17;;1972-04-28;;;
1972-04-29;1972;4;29;2441436;120;17;6;5;lørdag;32,79%;120;5;18;17;;1972-04-29;;;
1972-04-30;1972;4;30;2441437;121;17;7;6;søndag;33,06%;121;6;19;17;;1972-04-30;;;
1972-05-01;1972;5;1;2441438;122;18;1;0;mandag;33,33%;122;0;19;18;;1972-05-01;;;
1972-05-02;1972;5;2;2441439;123;18;2;1;tirsdag;33,61%;123;1;19;18;;1972-05-02;;;
1972-05-03;1972;5;3;2441440;124;18;3;2;onsdag;33,88%;124;2;19;18;;1972-05-03;;;
1972-05-04;1972;5;4;2441441;125;18;4;3;torsdag;34,15%;125;3;19;18;;1972-05-04;;;
1972-05-05;1972;5;5;2441442;126;18;5;4;fredag;34,43%;126;4;19;18;;1972-05-05;;;
1972-05-06;1972;5;6;2441443;127;18;6;5;lørdag;34,70%;127;5;19;18;;1972-05-06;;;
1972-05-07;1972;5;7;2441444;128;18;7;6;søndag;34,97%;128;6;20;18;;1972-05-07;;;
1972-05-08;1972;5;8;2441445;129;19;1;0;mandag;35,25%;129;0;20;19;;1972-05-08;;;
1972-05-09;1972;5;9;2441446;130;19;2;1;tirsdag;35,52%;130;1;20;19;;1972-05-09;;;
1972-05-10;1972;5;10;2441447;131;19;3;2;onsdag;35,79%;131;2;20;19;;1972-05-10;;;
1972-05-11;1972;5;11;2441448;132;19;4;3;torsdag;36,07%;132;3;20;19;;1972-05-11;;;
1972-05-12;1972;5;12;2441449;133;19;5;4;fredag;36,34%;133;4;20;19;;1972-05-12;;;
1972-05-13;1972;5;13;2441450;134;19;6;5;lørdag;36,61%;134;5;20;19;;1972-05-13;;;
1972-05-14;1972;5;14;2441451;135;19;7;6;søndag;36,89%;135;6;21;19;;1972-05-14;;;
1972-05-15;1972;5;15;2441452;136;20;1;0;mandag;37,16%;136;0;21;20;;1972-05-15;;;
1972-05-16;1972;5;16;2441453;137;20;2;1;tirsdag;37,43%;137;1;21;20;;1972-05-16;;;
1972-05-17;1972;5;17;2441454;138;20;3;2;onsdag;37,70%;138;2;21;20;;1972-05-17;;;
1972-05-18;1972;5;18;2441455;139;20;4;3;torsdag;37,98%;139;3;21;20;;1972-05-18;;;
1972-05-19;1972;5;19;2441456;140;20;5;4;fredag;38,25%;140;4;21;20;;1972-05-19;;;
1972-05-20;1972;5;20;2441457;141;20;6;5;lørdag;38,52%;141;5;21;20;;1972-05-20;;;
1972-05-21;1972;5;21;2441458;142;20;7;6;søndag;38,80%;142;6;22;20;;1972-05-21;;;
1972-05-22;1972;5;22;2441459;143;21;1;0;mandag;39,07%;143;0;22;21;;1972-05-22;;;
1972-05-23;1972;5;23;2441460;144;21;2;1;tirsdag;39,34%;144;1;22;21;;1972-05-23;;;
1972-05-24;1972;5;24;2441461;145;21;3;2;onsdag;39,62%;145;2;22;21;;1972-05-24;;;
1972-05-25;1972;5;25;2441462;146;21;4;3;torsdag;39,89%;146;3;22;21;;1972-05-25;;;
1972-05-26;1972;5;26;2441463;147;21;5;4;fredag;40,16%;147;4;22;21;;1972-05-26;;;
1972-05-27;1972;5;27;2441464;148;21;6;5;lørdag;40,44%;148;5;22;21;;1972-05-27;;;
1972-05-28;1972;5;28;2441465;149;21;7;6;søndag;40,71%;149;6;23;21;;1972-05-28;;;
1972-05-29;1972;5;29;2441466;150;22;1;0;mandag;40,98%;150;0;23;22;;1972-05-29;;;
1972-05-30;1972;5;30;2441467;151;22;2;1;tirsdag;41,26%;151;1;23;22;;1972-05-30;;;
1972-05-31;1972;5;31;2441468;152;22;3;2;onsdag;41,53%;152;2;23;22;;1972-05-31;;;
1972-06-01;1972;6;1;2441469;153;22;4;3;torsdag;41,80%;153;3;23;22;;1972-06-01;;;
1972-06-02;1972;6;2;2441470;154;22;5;4;fredag;42,08%;154;4;23;22;;1972-06-02;;;
1972-06-03;1972;6;3;2441471;155;22;6;5;lørdag;42,35%;155;5;23;22;;1972-06-03;;;
1972-06-04;1972;6;4;2441472;156;22;7;6;søndag;42,62%;156;6;24;22;;1972-06-04;;;
1972-06-05;1972;6;5;2441473;157;23;1;0;mandag;42,90%;157;0;24;23;;1972-06-05;;;
1972-06-06;1972;6;6;2441474;158;23;2;1;tirsdag;43,17%;158;1;24;23;;1972-06-06;;;
1972-06-07;1972;6;7;2441475;159;23;3;2;onsdag;43,44%;159;2;24;23;;1972-06-07;;;
1972-06-08;1972;6;8;2441476;160;23;4;3;torsdag;43,72%;160;3;24;23;;1972-06-08;;;
1972-06-09;1972;6;9;2441477;161;23;5;4;fredag;43,99%;161;4;24;23;;1972-06-09;;;
1972-06-10;1972;6;10;2441478;162;23;6;5;lørdag;44,26%;162;5;24;23;;1972-06-10;;;
1972-06-11;1972;6;11;2441479;163;23;7;6;søndag;44,54%;163;6;25;23;;1972-06-11;;;
1972-06-12;1972;6;12;2441480;164;24;1;0;mandag;44,81%;164;0;25;24;;1972-06-12;;;
1972-06-13;1972;6;13;2441481;165;24;2;1;tirsdag;45,08%;165;1;25;24;;1972-06-13;;;
1972-06-14;1972;6;14;2441482;166;24;3;2;onsdag;45,36%;166;2;25;24;;1972-06-14;;;
1972-06-15;1972;6;15;2441483;167;24;4;3;torsdag;45,63%;167;3;25;24;;1972-06-15;;;
1972-06-16;1972;6;16;2441484;168;24;5;4;fredag;45,90%;168;4;25;24;;1972-06-16;;;
1972-06-17;1972;6;17;2441485;169;24;6;5;lørdag;46,17%;169;5;25;24;;1972-06-17;;;
1972-06-18;1972;6;18;2441486;170;24;7;6;søndag;46,45%;170;6;26;24;;1972-06-18;;;
1972-06-19;1972;6;19;2441487;171;25;1;0;mandag;46,72%;171;0;26;25;;1972-06-19;;;
1972-06-20;1972;6;20;2441488;172;25;2;1;tirsdag;46,99%;172;1;26;25;;1972-06-20;;;
1972-06-21;1972;6;21;2441489;173;25;3;2;onsdag;47,27%;173;2;26;25;;1972-06-21;;;
1972-06-22;1972;6;22;2441490;174;25;4;3;torsdag;47,54%;174;3;26;25;;1972-06-22;;;
1972-06-23;1972;6;23;2441491;175;25;5;4;fredag;47,81%;175;4;26;25;;1972-06-23;;;
1972-06-24;1972;6;24;2441492;176;25;6;5;lørdag;48,09%;176;5;26;25;;1972-06-24;;;
1972-06-25;1972;6;25;2441493;177;25;7;6;søndag;48,36%;177;6;27;25;;1972-06-25;;;
1972-06-26;1972;6;26;2441494;178;26;1;0;mandag;48,63%;178;0;27;26;;1972-06-26;;;
1972-06-27;1972;6;27;2441495;179;26;2;1;tirsdag;48,91%;179;1;27;26;;1972-06-27;;;
1972-06-28;1972;6;28;2441496;180;26;3;2;onsdag;49,18%;180;2;27;26;;1972-06-28;;;
1972-06-29;1972;6;29;2441497;181;26;4;3;torsdag;49,45%;181;3;27;26;;1972-06-29;;;
1972-06-30;1972;6;30;2441498;182;26;5;4;fredag;49,73%;182;4;27;26;;1972-06-30;;;
1972-07-01;1972;7;1;2441499;183;26;6;5;lørdag;50,00%;183;5;27;26;;1972-07-01;;;
1972-07-02;1972;7;2;2441500;184;26;7;6;søndag;50,27%;184;6;28;26;;1972-07-02;;;
1972-07-03;1972;7;3;2441501;185;27;1;0;mandag;50,55%;185;0;28;27;;1972-07-03;;;
1972-07-04;1972;7;4;2441502;186;27;2;1;tirsdag;50,82%;186;1;28;27;;1972-07-04;;;
1972-07-05;1972;7;5;2441503;187;27;3;2;onsdag;51,09%;187;2;28;27;;1972-07-05;;;
1972-07-06;1972;7;6;2441504;188;27;4;3;torsdag;51,37%;188;3;28;27;;1972-07-06;;;
1972-07-07;1972;7;7;2441505;189;27;5;4;fredag;51,64%;189;4;28;27;;1972-07-07;;;
1972-07-08;1972;7;8;2441506;190;27;6;5;lørdag;51,91%;190;5;28;27;;1972-07-08;;;
1972-07-09;1972;7;9;2441507;191;27;7;6;søndag;52,19%;191;6;29;27;;1972-07-09;;;
1972-07-10;1972;7;10;2441508;192;28;1;0;mandag;52,46%;192;0;29;28;;1972-07-10;;;
1972-07-11;1972;7;11;2441509;193;28;2;1;tirsdag;52,73%;193;1;29;28;;1972-07-11;;;
1972-07-12;1972;7;12;2441510;194;28;3;2;onsdag;53,01%;194;2;29;28;;1972-07-12;;;
1972-07-13;1972;7;13;2441511;195;28;4;3;torsdag;53,28%;195;3;29;28;;1972-07-13;;;
1972-07-14;1972;7;14;2441512;196;28;5;4;fredag;53,55%;196;4;29;28;;1972-07-14;;;
1972-07-15;1972;7;15;2441513;197;28;6;5;lørdag;53,83%;197;5;29;28;;1972-07-15;;;
1972-07-16;1972;7;16;2441514;198;28;7;6;søndag;54,10%;198;6;30;28;;1972-07-16;;;
1972-07-17;1972;7;17;2441515;199;29;1;0;mandag;54,37%;199;0;30;29;;1972-07-17;;;
1972-07-18;1972;7;18;2441516;200;29;2;1;tirsdag;54,64%;200;1;30;29;;1972-07-18;;;
1972-07-19;1972;7;19;2441517;201;29;3;2;onsdag;54,92%;201;2;30;29;;1972-07-19;;;
1972-07-20;1972;7;20;2441518;202;29;4;3;torsdag;55,19%;202;3;30;29;;1972-07-20;;;
1972-07-21;1972;7;21;2441519;203;29;5;4;fredag;55,46%;203;4;30;29;;1972-07-21;;;
1972-07-22;1972;7;22;2441520;204;29;6;5;lørdag;55,74%;204;5;30;29;;1972-07-22;;;
1972-07-23;1972;7;23;2441521;205;29;7;6;søndag;56,01%;205;6;31;29;;1972-07-23;;;
1972-07-24;1972;7;24;2441522;206;30;1;0;mandag;56,28%;206;0;31;30;;1972-07-24;;;
1972-07-25;1972;7;25;2441523;207;30;2;1;tirsdag;56,56%;207;1;31;30;;1972-07-25;;;
1972-07-26;1972;7;26;2441524;208;30;3;2;onsdag;56,83%;208;2;31;30;;1972-07-26;;;
1972-07-27;1972;7;27;2441525;209;30;4;3;torsdag;57,10%;209;3;31;30;;1972-07-27;;;
1972-07-28;1972;7;28;2441526;210;30;5;4;fredag;57,38%;210;4;31;30;;1972-07-28;;;
1972-07-29;1972;7;29;2441527;211;30;6;5;lørdag;57,65%;211;5;31;30;;1972-07-29;;;
1972-07-30;1972;7;30;2441528;212;30;7;6;søndag;57,92%;212;6;32;30;;1972-07-30;;;
1972-07-31;1972;7;31;2441529;213;31;1;0;mandag;58,20%;213;0;32;31;;1972-07-31;;;
1972-08-01;1972;8;1;2441530;214;31;2;1;tirsdag;58,47%;214;1;32;31;;1972-08-01;;;
1972-08-02;1972;8;2;2441531;215;31;3;2;onsdag;58,74%;215;2;32;31;;1972-08-02;;;
1972-08-03;1972;8;3;2441532;216;31;4;3;torsdag;59,02%;216;3;32;31;;1972-08-03;;;
1972-08-04;1972;8;4;2441533;217;31;5;4;fredag;59,29%;217;4;32;31;;1972-08-04;;;
1972-08-05;1972;8;5;2441534;218;31;6;5;lørdag;59,56%;218;5;32;31;;1972-08-05;;;
1972-08-06;1972;8;6;2441535;219;31;7;6;søndag;59,84%;219;6;33;31;;1972-08-06;;;
1972-08-07;1972;8;7;2441536;220;32;1;0;mandag;60,11%;220;0;33;32;;1972-08-07;;;
1972-08-08;1972;8;8;2441537;221;32;2;1;tirsdag;60,38%;221;1;33;32;;1972-08-08;;;
1972-08-09;1972;8;9;2441538;222;32;3;2;onsdag;60,66%;222;2;33;32;;1972-08-09;;;
1972-08-10;1972;8;10;2441539;223;32;4;3;torsdag;60,93%;223;3;33;32;;1972-08-10;;;
1972-08-11;1972;8;11;2441540;224;32;5;4;fredag;61,20%;224;4;33;32;;1972-08-11;;;
1972-08-12;1972;8;12;2441541;225;32;6;5;lørdag;61,48%;225;5;33;32;;1972-08-12;;;
1972-08-13;1972;8;13;2441542;226;32;7;6;søndag;61,75%;226;6;34;32;;1972-08-13;;;
1972-08-14;1972;8;14;2441543;227;33;1;0;mandag;62,02%;227;0;34;33;;1972-08-14;;;
1972-08-15;1972;8;15;2441544;228;33;2;1;tirsdag;62,30%;228;1;34;33;;1972-08-15;;;
1972-08-16;1972;8;16;2441545;229;33;3;2;onsdag;62,57%;229;2;34;33;;1972-08-16;;;
1972-08-17;1972;8;17;2441546;230;33;4;3;torsdag;62,84%;230;3;34;33;;1972-08-17;;;
1972-08-18;1972;8;18;2441547;231;33;5;4;fredag;63,11%;231;4;34;33;;1972-08-18;;;
1972-08-19;1972;8;19;2441548;232;33;6;5;lørdag;63,39%;232;5;34;33;;1972-08-19;;;
1972-08-20;1972;8;20;2441549;233;33;7;6;søndag;63,66%;233;6;35;33;;1972-08-20;;;
1972-08-21;1972;8;21;2441550;234;34;1;0;mandag;63,93%;234;0;35;34;;1972-08-21;;;
1972-08-22;1972;8;22;2441551;235;34;2;1;tirsdag;64,21%;235;1;35;34;;1972-08-22;;;
1972-08-23;1972;8;23;2441552;236;34;3;2;onsdag;64,48%;236;2;35;34;;1972-08-23;;;
1972-08-24;1972;8;24;2441553;237;34;4;3;torsdag;64,75%;237;3;35;34;;1972-08-24;;;
1972-08-25;1972;8;25;2441554;238;34;5;4;fredag;65,03%;238;4;35;34;;1972-08-25;;;
1972-08-26;1972;8;26;2441555;239;34;6;5;lørdag;65,30%;239;5;35;34;;1972-08-26;;;
1972-08-27;1972;8;27;2441556;240;34;7;6;søndag;65,57%;240;6;36;34;;1972-08-27;;;
1972-08-28;1972;8;28;2441557;241;35;1;0;mandag;65,85%;241;0;36;35;;1972-08-28;;;
1972-08-29;1972;8;29;2441558;242;35;2;1;tirsdag;66,12%;242;1;36;35;;1972-08-29;;;
1972-08-30;1972;8;30;2441559;243;35;3;2;onsdag;66,39%;243;2;36;35;;1972-08-30;;;
1972-08-31;1972;8;31;2441560;244;35;4;3;torsdag;66,67%;244;3;36;35;;1972-08-31;;;
1972-09-01;1972;9;1;2441561;245;35;5;4;fredag;66,94%;245;4;36;35;;1972-09-01;;;
1972-09-02;1972;9;2;2441562;246;35;6;5;lørdag;67,21%;246;5;36;35;;1972-09-02;;;
1972-09-03;1972;9;3;2441563;247;35;7;6;søndag;67,49%;247;6;37;35;;1972-09-03;;;
1972-09-04;1972;9;4;2441564;248;36;1;0;mandag;67,76%;248;0;37;36;;1972-09-04;;;
1972-09-05;1972;9;5;2441565;249;36;2;1;tirsdag;68,03%;249;1;37;36;;1972-09-05;;;
1972-09-06;1972;9;6;2441566;250;36;3;2;onsdag;68,31%;250;2;37;36;;1972-09-06;;;
1972-09-07;1972;9;7;2441567;251;36;4;3;torsdag;68,58%;251;3;37;36;;1972-09-07;;;
1972-09-08;1972;9;8;2441568;252;36;5;4;fredag;68,85%;252;4;37;36;;1972-09-08;;;
1972-09-09;1972;9;9;2441569;253;36;6;5;lørdag;69,13%;253;5;37;36;;1972-09-09;;;
1972-09-10;1972;9;10;2441570;254;36;7;6;søndag;69,40%;254;6;38;36;;1972-09-10;;;
1972-09-11;1972;9;11;2441571;255;37;1;0;mandag;69,67%;255;0;38;37;;1972-09-11;;;
1972-09-12;1972;9;12;2441572;256;37;2;1;tirsdag;69,95%;256;1;38;37;;1972-09-12;;;
1972-09-13;1972;9;13;2441573;257;37;3;2;onsdag;70,22%;257;2;38;37;;1972-09-13;;;
1972-09-14;1972;9;14;2441574;258;37;4;3;torsdag;70,49%;258;3;38;37;;1972-09-14;;;
1972-09-15;1972;9;15;2441575;259;37;5;4;fredag;70,77%;259;4;38;37;;1972-09-15;;;
1972-09-16;1972;9;16;2441576;260;37;6;5;lørdag;71,04%;260;5;38;37;;1972-09-16;;;
1972-09-17;1972;9;17;2441577;261;37;7;6;søndag;71,31%;261;6;39;37;;1972-09-17;;;
1972-09-18;1972;9;18;2441578;262;38;1;0;mandag;71,58%;262;0;39;38;;1972-09-18;;;
1972-09-19;1972;9;19;2441579;263;38;2;1;tirsdag;71,86%;263;1;39;38;;1972-09-19;;;
1972-09-20;1972;9;20;2441580;264;38;3;2;onsdag;72,13%;264;2;39;38;;1972-09-20;;;
1972-09-21;1972;9;21;2441581;265;38;4;3;torsdag;72,40%;265;3;39;38;;1972-09-21;;;
1972-09-22;1972;9;22;2441582;266;38;5;4;fredag;72,68%;266;4;39;38;;1972-09-22;;;
1972-09-23;1972;9;23;2441583;267;38;6;5;lørdag;72,95%;267;5;39;38;;1972-09-23;;;
1972-09-24;1972;9;24;2441584;268;38;7;6;søndag;73,22%;268;6;40;38;;1972-09-24;;;
1972-09-25;1972;9;25;2441585;269;39;1;0;mandag;73,50%;269;0;40;39;;1972-09-25;;;
1972-09-26;1972;9;26;2441586;270;39;2;1;tirsdag;73,77%;270;1;40;39;;1972-09-26;;;
1972-09-27;1972;9;27;2441587;271;39;3;2;onsdag;74,04%;271;2;40;39;;1972-09-27;;;
1972-09-28;1972;9;28;2441588;272;39;4;3;torsdag;74,32%;272;3;40;39;;1972-09-28;;;
1972-09-29;1972;9;29;2441589;273;39;5;4;fredag;74,59%;273;4;40;39;;1972-09-29;;;
1972-09-30;1972;9;30;2441590;274;39;6;5;lørdag;74,86%;274;5;40;39;;1972-09-30;;;
1972-10-01;1972;10;1;2441591;275;39;7;6;søndag;75,14%;275;6;41;39;;1972-10-01;;;
1972-10-02;1972;10;2;2441592;276;40;1;0;mandag;75,41%;276;0;41;40;;1972-10-02;;;
1972-10-03;1972;10;3;2441593;277;40;2;1;tirsdag;75,68%;277;1;41;40;;1972-10-03;;;
1972-10-04;1972;10;4;2441594;278;40;3;2;onsdag;75,96%;278;2;41;40;;1972-10-04;;;
1972-10-05;1972;10;5;2441595;279;40;4;3;torsdag;76,23%;279;3;41;40;;1972-10-05;;;
1972-10-06;1972;10;6;2441596;280;40;5;4;fredag;76,50%;280;4;41;40;;1972-10-06;;;
1972-10-07;1972;10;7;2441597;281;40;6;5;lørdag;76,78%;281;5;41;40;;1972-10-07;;;
1972-10-08;1972;10;8;2441598;282;40;7;6;søndag;77,05%;282;6;42;40;;1972-10-08;;;
1972-10-09;1972;10;9;2441599;283;41;1;0;mandag;77,32%;283;0;42;41;;1972-10-09;;;
1972-10-10;1972;10;10;2441600;284;41;2;1;tirsdag;77,60%;284;1;42;41;;1972-10-10;;;
1972-10-11;1972;10;11;2441601;285;41;3;2;onsdag;77,87%;285;2;42;41;;1972-10-11;;;
1972-10-12;1972;10;12;2441602;286;41;4;3;torsdag;78,14%;286;3;42;41;;1972-10-12;;;
1972-10-13;1972;10;13;2441603;287;41;5;4;fredag;78,42%;287;4;42;41;;1972-10-13;;;
1972-10-14;1972;10;14;2441604;288;41;6;5;lørdag;78,69%;288;5;42;41;;1972-10-14;;;
1972-10-15;1972;10;15;2441605;289;41;7;6;søndag;78,96%;289;6;43;41;;1972-10-15;;;
1972-10-16;1972;10;16;2441606;290;42;1;0;mandag;79,23%;290;0;43;42;;1972-10-16;;;
1972-10-17;1972;10;17;2441607;291;42;2;1;tirsdag;79,51%;291;1;43;42;;1972-10-17;;;
1972-10-18;1972;10;18;2441608;292;42;3;2;onsdag;79,78%;292;2;43;42;;1972-10-18;;;
1972-10-19;1972;10;19;2441609;293;42;4;3;torsdag;80,05%;293;3;43;42;;1972-10-19;;;
1972-10-20;1972;10;20;2441610;294;42;5;4;fredag;80,33%;294;4;43;42;;1972-10-20;;;
1972-10-21;1972;10;21;2441611;295;42;6;5;lørdag;80,60%;295;5;43;42;;1972-10-21;;;
1972-10-22;1972;10;22;2441612;296;42;7;6;søndag;80,87%;296;6;44;42;;1972-10-22;;;
1972-10-23;1972;10;23;2441613;297;43;1;0;mandag;81,15%;297;0;44;43;;1972-10-23;;;
1972-10-24;1972;10;24;2441614;298;43;2;1;tirsdag;81,42%;298;1;44;43;;1972-10-24;;;
1972-10-25;1972;10;25;2441615;299;43;3;2;onsdag;81,69%;299;2;44;43;;1972-10-25;;;
1972-10-26;1972;10;26;2441616;300;43;4;3;torsdag;81,97%;300;3;44;43;;1972-10-26;;;
1972-10-27;1972;10;27;2441617;301;43;5;4;fredag;82,24%;301;4;44;43;;1972-10-27;;;
1972-10-28;1972;10;28;2441618;302;43;6;5;lørdag;82,51%;302;5;44;43;;1972-10-28;;;
1972-10-29;1972;10;29;2441619;303;43;7;6;søndag;82,79%;303;6;45;43;;1972-10-29;;;
1972-10-30;1972;10;30;2441620;304;44;1;0;mandag;83,06%;304;0;45;44;;1972-10-30;;;
1972-10-31;1972;10;31;2441621;305;44;2;1;tirsdag;83,33%;305;1;45;44;;1972-10-31;;;
1972-11-01;1972;11;1;2441622;306;44;3;2;onsdag;83,61%;306;2;45;44;;1972-11-01;;;
1972-11-02;1972;11;2;2441623;307;44;4;3;torsdag;83,88%;307;3;45;44;;1972-11-02;;;
1972-11-03;1972;11;3;2441624;308;44;5;4;fredag;84,15%;308;4;45;44;;1972-11-03;;;
1972-11-04;1972;11;4;2441625;309;44;6;5;lørdag;84,43%;309;5;45;44;;1972-11-04;;;
1972-11-05;1972;11;5;2441626;310;44;7;6;søndag;84,70%;310;6;46;44;;1972-11-05;;;
1972-11-06;1972;11;6;2441627;311;45;1;0;mandag;84,97%;311;0;46;45;;1972-11-06;;;
1972-11-07;1972;11;7;2441628;312;45;2;1;tirsdag;85,25%;312;1;46;45;;1972-11-07;;;
1972-11-08;1972;11;8;2441629;313;45;3;2;onsdag;85,52%;313;2;46;45;;1972-11-08;;;
1972-11-09;1972;11;9;2441630;314;45;4;3;torsdag;85,79%;314;3;46;45;;1972-11-09;;;
1972-11-10;1972;11;10;2441631;315;45;5;4;fredag;86,07%;315;4;46;45;;1972-11-10;;;
1972-11-11;1972;11;11;2441632;316;45;6;5;lørdag;86,34%;316;5;46;45;;1972-11-11;;;
1972-11-12;1972;11;12;2441633;317;45;7;6;søndag;86,61%;317;6;47;45;;1972-11-12;;;
1972-11-13;1972;11;13;2441634;318;46;1;0;mandag;86,89%;318;0;47;46;;1972-11-13;;;
1972-11-14;1972;11;14;2441635;319;46;2;1;tirsdag;87,16%;319;1;47;46;;1972-11-14;;;
1972-11-15;1972;11;15;2441636;320;46;3;2;onsdag;87,43%;320;2;47;46;;1972-11-15;;;
1972-11-16;1972;11;16;2441637;321;46;4;3;torsdag;87,70%;321;3;47;46;;1972-11-16;;;
1972-11-17;1972;11;17;2441638;322;46;5;4;fredag;87,98%;322;4;47;46;;1972-11-17;;;
1972-11-18;1972;11;18;2441639;323;46;6;5;lørdag;88,25%;323;5;47;46;;1972-11-18;;;
1972-11-19;1972;11;19;2441640;324;46;7;6;søndag;88,52%;324;6;48;46;;1972-11-19;;;
1972-11-20;1972;11;20;2441641;325;47;1;0;mandag;88,80%;325;0;48;47;;1972-11-20;;;
1972-11-21;1972;11;21;2441642;326;47;2;1;tirsdag;89,07%;326;1;48;47;;1972-11-21;;;
1972-11-22;1972;11;22;2441643;327;47;3;2;onsdag;89,34%;327;2;48;47;;1972-11-22;;;
1972-11-23;1972;11;23;2441644;328;47;4;3;torsdag;89,62%;328;3;48;47;;1972-11-23;;;
1972-11-24;1972;11;24;2441645;329;47;5;4;fredag;89,89%;329;4;48;47;;1972-11-24;;;
1972-11-25;1972;11;25;2441646;330;47;6;5;lørdag;90,16%;330;5;48;47;;1972-11-25;;;
1972-11-26;1972;11;26;2441647;331;47;7;6;søndag;90,44%;331;6;49;47;;1972-11-26;;;
1972-11-27;1972;11;27;2441648;332;48;1;0;mandag;90,71%;332;0;49;48;;1972-11-27;;;
1972-11-28;1972;11;28;2441649;333;48;2;1;tirsdag;90,98%;333;1;49;48;;1972-11-28;;;
1972-11-29;1972;11;29;2441650;334;48;3;2;onsdag;91,26%;334;2;49;48;;1972-11-29;;;
1972-11-30;1972;11;30;2441651;335;48;4;3;torsdag;91,53%;335;3;49;48;;1972-11-30;;;
1972-12-01;1972;12;1;2441652;336;48;5;4;fredag;91,80%;336;4;49;48;;1972-12-01;;;
1972-12-02;1972;12;2;2441653;337;48;6;5;lørdag;92,08%;337;5;49;48;;1972-12-02;;;
1972-12-03;1972;12;3;2441654;338;48;7;6;søndag;92,35%;338;6;50;48;;1972-12-03;;;
1972-12-04;1972;12;4;2441655;339;49;1;0;mandag;92,62%;339;0;50;49;;1972-12-04;;;
1972-12-05;1972;12;5;2441656;340;49;2;1;tirsdag;92,90%;340;1;50;49;;1972-12-05;;;
1972-12-06;1972;12;6;2441657;341;49;3;2;onsdag;93,17%;341;2;50;49;;1972-12-06;;;
1972-12-07;1972;12;7;2441658;342;49;4;3;torsdag;93,44%;342;3;50;49;;1972-12-07;;;
1972-12-08;1972;12;8;2441659;343;49;5;4;fredag;93,72%;343;4;50;49;;1972-12-08;;;
1972-12-09;1972;12;9;2441660;344;49;6;5;lørdag;93,99%;344;5;50;49;;1972-12-09;;;
1972-12-10;1972;12;10;2441661;345;49;7;6;søndag;94,26%;345;6;51;49;;1972-12-10;;;
1972-12-11;1972;12;11;2441662;346;50;1;0;mandag;94,54%;346;0;51;50;;1972-12-11;;;
1972-12-12;1972;12;12;2441663;347;50;2;1;tirsdag;94,81%;347;1;51;50;;1972-12-12;;;
1972-12-13;1972;12;13;2441664;348;50;3;2;onsdag;95,08%;348;2;51;50;;1972-12-13;;;
1972-12-14;1972;12;14;2441665;349;50;4;3;torsdag;95,36%;349;3;51;50;;1972-12-14;;;
1972-12-15;1972;12;15;2441666;350;50;5;4;fredag;95,63%;350;4;51;50;;1972-12-15;;;
1972-12-16;1972;12;16;2441667;351;50;6;5;lørdag;95,90%;351;5;51;50;;1972-12-16;;;
1972-12-17;1972;12;17;2441668;352;50;7;6;søndag;96,17%;352;6;52;50;;1972-12-17;;;
1972-12-18;1972;12;18;2441669;353;51;1;0;mandag;96,45%;353;0;52;51;;1972-12-18;;;
1972-12-19;1972;12;19;2441670;354;51;2;1;tirsdag;96,72%;354;1;52;51;;1972-12-19;;;
1972-12-20;1972;12;20;2441671;355;51;3;2;onsdag;96,99%;355;2;52;51;;1972-12-20;;;
1972-12-21;1972;12;21;2441672;356;51;4;3;torsdag;97,27%;356;3;52;51;;1972-12-21;;;
1972-12-22;1972;12;22;2441673;357;51;5;4;fredag;97,54%;357;4;52;51;;1972-12-22;;;
1972-12-23;1972;12;23;2441674;358;51;6;5;lørdag;97,81%;358;5;52;51;;1972-12-23;;;
1972-12-24;1972;12;24;2441675;359;51;7;6;søndag;98,09%;359;6;53;51;;1972-12-24;;;
1972-12-25;1972;12;25;2441676;360;52;1;0;mandag;98,36%;360;0;53;52;;1972-12-25;;;
1972-12-26;1972;12;26;2441677;361;52;2;1;tirsdag;98,63%;361;1;53;52;;1972-12-26;;;
1972-12-27;1972;12;27;2441678;362;52;3;2;onsdag;98,91%;362;2;53;52;;1972-12-27;;;
1972-12-28;1972;12;28;2441679;363;52;4;3;torsdag;99,18%;363;3;53;52;;1972-12-28;;;
1972-12-29;1972;12;29;2441680;364;52;5;4;fredag;99,45%;364;4;53;52;;1972-12-29;;;
1972-12-30;1972;12;30;2441681;365;52;6;5;lørdag;99,73%;365;5;53;52;;1972-12-30;;;
1972-12-31;1972;12;31;2441682;366;52;7;6;søndag;100,00%;366;6;54;52;;1972-12-31;;;
1973-01-01;1973;1;1;2441683;1;0,27%;1;0;mandag;;1;0;1;1;;1973-01-02;;1;1
1973-01-02;1973;1;2;2441684;2;1;2;1;tirsdag;0,55%;2;1;1;1;;1973-01-03;;2;1
1973-01-03;1973;1;3;2441685;3;1;3;2;onsdag;0,82%;3;2;1;1;;1973-01-04;;3;1
1973-01-04;1973;1;4;2441686;4;1;4;3;torsdag;1,10%;4;3;1;1;;1973-01-05;;4;1
1973-01-05;1973;1;5;2441687;5;1;5;4;fredag;1,37%;5;4;1;1;;1973-01-06;;5;1
1973-01-06;1973;1;6;2441688;6;1;6;5;lørdag;1,64%;6;5;1;1;;1973-01-07;;6;1
